tag,auprc,best_f1,best_f1_fine,p_at_v1_recall,dead_pos,auprc_biotx,auprc_reject,auprc_t299,fixes,breaks,mcnemar_p,model_wins,p_at_v1R,fixes_at_v1R,breaks_at_v1R
CEens3,0.9189481831025906,0.875,0.875,0.8484848484848485,0.11290322580645161,0.9527061301339046,0.4656302165940246,0.9287283241471478,16,12,0.5707503880581739,True,0.5707503880581739,16.0,12.0
V2,0.9158083613667647,0.8588235294117647,0.8614232209737828,0.8041958041958042,0.16129032258064516,0.9592553070671114,0.6021284271284271,0.9064166752129723,16,15,1.0,True,,,
V3,0.91120049580525,0.8627450980392157,0.8627450980392157,0.8314606741573034,0.14112903225806453,0.9363624259857775,0.4966362819811096,0.9247553702167604,15,13,0.8501067391385259,True,0.8501067391385259,15.0,13.0
V3_seed1,0.9126768714166311,0.8740157480314961,0.8740157480314961,0.8538461538461538,0.12096774193548387,0.9451945112571122,0.5095358345358345,0.9195420525917416,16,13,0.7103465689955667,True,,,
V3_seed2,0.9022890738720895,0.8494208494208494,0.8494208494208494,0.7943262411347518,0.16532258064516128,0.923928401226437,0.4638520584615661,0.9197032874882554,9,41,1.1648657367199604e-05,False,,,
V3_seed3,0.9120938406092609,0.861003861003861,0.861003861003861,0.825925925925926,0.14919354838709678,0.9493152611385106,0.47913745142742437,0.9188394019767376,15,14,1.0,True,,,
WT200ens3,0.919723204500016,0.8702594810379242,0.8717948717948718,0.8377358490566038,0.10483870967741936,0.9568773712065921,0.46288248788248787,0.9273025866280654,16,14,0.8551321405847059,True,1.0,15.0,14.0
ce_s1,0.9193065305023554,0.8774703557312253,0.8774703557312253,0.8604651162790697,0.13709677419354838,0.9579222043483686,0.5084221569248792,0.9202554874220568,17,11,0.3447042220069577,True,0.3447042220069577,17.0,11.0
ce_s2,0.9022011762583612,0.8577154308617234,0.8577154308617234,0.8014440433212996,0.17338709677419356,0.9178042479129612,0.5079066393582522,0.919487129957234,16,15,1.0,True,,,
ce_s3,0.9150821700195791,0.8605577689243028,0.8605577689243028,0.802158273381295,0.13709677419354838,0.9535923382838173,0.4665860110982062,0.9214526268195062,17,16,1.0,True,,,
focal_g1_s1,0.916357430124151,0.8494845360824742,0.8494845360824742,0.802158273381295,0.056451612903225805,0.9595003636054376,0.5096662803052255,0.9165996907015915,15,76,3.180615853514648e-10,False,,,
focal_g2_s1,0.912366222399065,0.8460038986354775,0.8460038986354775,0.7797202797202797,0.024193548387096774,0.9545081349573025,0.5097972948331372,0.9153355690796819,15,76,3.180615853514648e-10,False,,,
ls010_s1,0.9055724307883666,0.8473282442748091,0.8479087452471483,0.8043478260869565,0.0,0.9484245083893168,0.5007321110262286,0.9025075249253558,16,15,1.0,True,,,
lsneg020_s1,0.9127530660472957,0.8467741935483871,0.847870182555781,0.7797202797202797,0.0,0.958835681589143,0.5214692714692715,0.90985508189791,17,16,1.0,True,,,
lsneg035_s1,0.9111504167608357,0.8459958932238193,0.8459958932238193,0.784452296819788,0.0,0.9539458765991891,0.5337621013317607,0.9104128851331532,9,41,1.1648657367199604e-05,False,,,
wt150_s1,0.9160948908531085,0.8634538152610441,0.8644400785854617,0.8198529411764706,0.13306451612903225,0.9496944763794246,0.5157433950912211,0.9231793739472203,16,14,0.8551321405847059,True,,,
wt200_s1,0.9189632858870859,0.874274661508704,0.874274661508704,0.8426966292134831,0.12096774193548387,0.9505296178842639,0.5285518230640183,0.9264336600074041,16,13,0.7103465689955667,True,,,
wt200_s2,0.9111302458232171,0.8693877551020408,0.8693877551020408,0.7935943060498221,0.13709677419354838,0.9464562575709335,0.47481779545674074,0.921811680547675,18,13,0.47249761400068846,True,,,
wt200_s3,0.9132330009988612,0.8560460652591171,0.8588235294117647,0.8168498168498168,0.13709677419354838,0.9556531131212932,0.46012506012506016,0.9139155619664228,9,41,1.1648657367199604e-05,False,,,
wt300_s1,0.9129446851223774,0.8648648648648649,0.8648648648648649,0.8296296296296296,0.12096774193548387,0.9516488597882136,0.494363788875984,0.9160204209031588,16,14,0.8551321405847059,True,,,
