thr,precision,recall,f1,v1sub_precision,v1sub_recall,v1sub_f1,tp,fp,fn,tn,mcnemar_p,model_fixes_v1,v1_beats_model
0.0,0.5636363636363636,1.0,0.7209302325581395,0.6028368794326241,1.0,0.7522123893805309,85,56,0,0,1.1648657367199604e-05,9,41
0.0,0.5636363636363636,1.0,0.7209302325581395,0.6028368794326241,1.0,0.7522123893805309,85,56,0,0,1.1648657367199604e-05,9,41
0.0001,0.5636363636363636,1.0,0.7209302325581395,0.6028368794326241,1.0,0.7522123893805309,85,56,0,0,1.1648657367199604e-05,9,41
0.0003,0.5636363636363636,1.0,0.7209302325581395,0.6028368794326241,1.0,0.7522123893805309,85,56,0,0,1.1648657367199604e-05,9,41
0.001,0.6801152737752162,0.9516129032258065,0.7932773109243697,0.7155963302752294,0.9176470588235294,0.8041237113402062,78,31,7,25,0.030260280020471753,11,25
0.003,0.7341772151898734,0.9354838709677419,0.8226950354609929,0.7524752475247525,0.8941176470588236,0.8172043010752689,76,25,9,31,0.12271259472816963,12,22
0.005,0.7656765676567657,0.9354838709677419,0.8421052631578947,0.7676767676767676,0.8941176470588236,0.8260869565217391,76,23,9,33,0.24334500914875917,14,22
0.01,0.7808219178082192,0.9193548387096774,0.8444444444444444,0.8064516129032258,0.8823529411764706,0.8426966292134831,75,18,10,38,0.6069054272179508,15,19
0.015,0.7985865724381626,0.9112903225806451,0.8512241054613936,0.8314606741573034,0.8705882352941177,0.8505747126436781,74,15,11,41,0.8596837951986661,15,17
0.02,0.8115942028985508,0.9032258064516129,0.8549618320610687,0.8488372093023255,0.8588235294117647,0.8538011695906432,73,13,12,43,1.0,15,16
0.025,0.8205128205128205,0.9032258064516129,0.8598848368522073,0.8588235294117647,0.8588235294117647,0.8588235294117647,73,12,12,44,0.8551321405847059,15,15
0.03,0.8296296296296296,0.9032258064516129,0.8648648648648649,0.8588235294117647,0.8588235294117647,0.8588235294117647,73,12,12,44,0.8551321405847059,15,15
0.035,0.8396946564885496,0.8870967741935484,0.8627450980392157,0.8795180722891566,0.8588235294117647,0.8690476190476191,73,10,12,46,0.8551321405847059,16,14
0.04,0.8423076923076923,0.8830645161290323,0.8622047244094488,0.8795180722891566,0.8588235294117647,0.8690476190476191,73,10,12,46,0.8551321405847059,16,14
0.045,0.8416988416988417,0.8790322580645161,0.8599605522682445,0.8780487804878049,0.8470588235294118,0.8622754491017964,72,10,13,46,1.0,16,15
0.05,0.8416988416988417,0.8790322580645161,0.8599605522682445,0.8780487804878049,0.8470588235294118,0.8622754491017964,72,10,13,46,1.0,16,15
0.055,0.84375,0.8709677419354839,0.8571428571428571,0.8765432098765432,0.8352941176470589,0.8554216867469879,71,10,14,46,0.8551321405847059,15,15
0.06,0.8464566929133859,0.8669354838709677,0.8565737051792829,0.8765432098765432,0.8352941176470589,0.8554216867469879,71,10,14,46,0.8551321405847059,15,15
0.065,0.8464566929133859,0.8669354838709677,0.8565737051792829,0.8765432098765432,0.8352941176470589,0.8554216867469879,71,10,14,46,0.8551321405847059,15,15
0.07,0.8492063492063492,0.8629032258064516,0.856,0.8875,0.8352941176470589,0.8606060606060606,71,9,14,47,1.0,15,14
0.075,0.848605577689243,0.8588709677419355,0.8537074148296593,0.8875,0.8352941176470589,0.8606060606060606,71,9,14,47,1.0,15,14
0.08,0.848,0.8548387096774194,0.8514056224899599,0.8875,0.8352941176470589,0.8606060606060606,71,9,14,47,1.0,15,14
0.085,0.8508064516129032,0.8508064516129032,0.8508064516129032,0.8974358974358975,0.8235294117647058,0.8588957055214724,70,8,15,48,1.0,16,15
0.09,0.8508064516129032,0.8508064516129032,0.8508064516129032,0.8974358974358975,0.8235294117647058,0.8588957055214724,70,8,15,48,1.0,16,15
0.095,0.854251012145749,0.8508064516129032,0.8525252525252526,0.8974358974358975,0.8235294117647058,0.8588957055214724,70,8,15,48,1.0,16,15
0.1,0.8536585365853658,0.8467741935483871,0.8502024291497976,0.8961038961038961,0.8117647058823529,0.8518518518518519,69,8,16,48,0.8596837951986661,16,16
0.105,0.8536585365853658,0.8467741935483871,0.8502024291497976,0.8961038961038961,0.8117647058823529,0.8518518518518519,69,8,16,48,0.8596837951986661,16,16
0.11,0.8536585365853658,0.8467741935483871,0.8502024291497976,0.8961038961038961,0.8117647058823529,0.8518518518518519,69,8,16,48,0.8596837951986661,16,16
0.115,0.8536585365853658,0.8467741935483871,0.8502024291497976,0.8961038961038961,0.8117647058823529,0.8518518518518519,69,8,16,48,0.8596837951986661,16,16
0.12,0.8565573770491803,0.842741935483871,0.8495934959349594,0.8947368421052632,0.8,0.84472049689441,68,8,17,48,1.0,16,17
0.125,0.8565573770491803,0.842741935483871,0.8495934959349594,0.8947368421052632,0.8,0.84472049689441,68,8,17,48,1.0,16,17
0.13,0.8565573770491803,0.842741935483871,0.8495934959349594,0.8947368421052632,0.8,0.84472049689441,68,8,17,48,1.0,16,17
0.135,0.8553719008264463,0.8346774193548387,0.8448979591836735,0.8933333333333333,0.788235294117647,0.8375,67,8,18,48,0.8638317428547264,16,18
0.14,0.8541666666666666,0.8266129032258065,0.8401639344262295,0.8933333333333333,0.788235294117647,0.8375,67,8,18,48,0.8638317428547264,16,18
0.145,0.8535564853556485,0.8225806451612904,0.837782340862423,0.8933333333333333,0.788235294117647,0.8375,67,8,18,48,0.8638317428547264,16,18
0.15,0.8559322033898306,0.8145161290322581,0.8347107438016529,0.8918918918918919,0.7764705882352941,0.8301886792452831,66,8,19,48,0.7353166906373405,16,19
0.155,0.8595744680851064,0.8145161290322581,0.8364389233954451,0.9041095890410958,0.7764705882352941,0.8354430379746836,66,7,19,49,0.8676323347781927,17,19
0.16,0.8595744680851064,0.8145161290322581,0.8364389233954451,0.9041095890410958,0.7764705882352941,0.8354430379746836,66,7,19,49,0.8676323347781927,17,19
0.165,0.8595744680851064,0.8145161290322581,0.8364389233954451,0.9041095890410958,0.7764705882352941,0.8354430379746836,66,7,19,49,0.8676323347781927,17,19
0.17,0.8626609442060086,0.8104838709677419,0.8357588357588358,0.9041095890410958,0.7764705882352941,0.8354430379746836,66,7,19,49,0.8676323347781927,17,19
0.175,0.8663793103448276,0.8104838709677419,0.8375,0.9041095890410958,0.7764705882352941,0.8354430379746836,66,7,19,49,0.8676323347781927,17,19
0.18,0.8701298701298701,0.8104838709677419,0.8392484342379958,0.9041095890410958,0.7764705882352941,0.8354430379746836,66,7,19,49,0.8676323347781927,17,19
0.185,0.8733624454148472,0.8064516129032258,0.8385744234800838,0.9041095890410958,0.7764705882352941,0.8354430379746836,66,7,19,49,0.8676323347781927,17,19
0.19,0.8733624454148472,0.8064516129032258,0.8385744234800838,0.9041095890410958,0.7764705882352941,0.8354430379746836,66,7,19,49,0.8676323347781927,17,19
0.195,0.8771929824561403,0.8064516129032258,0.8403361344537815,0.9041095890410958,0.7764705882352941,0.8354430379746836,66,7,19,49,0.8676323347781927,17,19
0.2,0.8771929824561403,0.8064516129032258,0.8403361344537815,0.9041095890410958,0.7764705882352941,0.8354430379746836,66,7,19,49,0.8676323347781927,17,19
0.205,0.8810572687224669,0.8064516129032258,0.8421052631578947,0.9041095890410958,0.7764705882352941,0.8354430379746836,66,7,19,49,0.8676323347781927,17,19
0.21,0.8810572687224669,0.8064516129032258,0.8421052631578947,0.9041095890410958,0.7764705882352941,0.8354430379746836,66,7,19,49,0.8676323347781927,17,19
0.215,0.8810572687224669,0.8064516129032258,0.8421052631578947,0.9041095890410958,0.7764705882352941,0.8354430379746836,66,7,19,49,0.8676323347781927,17,19
0.22,0.8810572687224669,0.8064516129032258,0.8421052631578947,0.9041095890410958,0.7764705882352941,0.8354430379746836,66,7,19,49,0.8676323347781927,17,19
0.225,0.8888888888888888,0.8064516129032258,0.8456659619450317,0.9041095890410958,0.7764705882352941,0.8354430379746836,66,7,19,49,0.8676323347781927,17,19
0.23,0.8888888888888888,0.8064516129032258,0.8456659619450317,0.9041095890410958,0.7764705882352941,0.8354430379746836,66,7,19,49,0.8676323347781927,17,19
0.235,0.8888888888888888,0.8064516129032258,0.8456659619450317,0.9041095890410958,0.7764705882352941,0.8354430379746836,66,7,19,49,0.8676323347781927,17,19
0.24,0.8888888888888888,0.8064516129032258,0.8456659619450317,0.9041095890410958,0.7764705882352941,0.8354430379746836,66,7,19,49,0.8676323347781927,17,19
0.245,0.8888888888888888,0.8064516129032258,0.8456659619450317,0.9041095890410958,0.7764705882352941,0.8354430379746836,66,7,19,49,0.8676323347781927,17,19
0.25,0.8888888888888888,0.8064516129032258,0.8456659619450317,0.9041095890410958,0.7764705882352941,0.8354430379746836,66,7,19,49,0.8676323347781927,17,19
0.255,0.8888888888888888,0.8064516129032258,0.8456659619450317,0.9041095890410958,0.7764705882352941,0.8354430379746836,66,7,19,49,0.8676323347781927,17,19
0.26,0.8888888888888888,0.8064516129032258,0.8456659619450317,0.9041095890410958,0.7764705882352941,0.8354430379746836,66,7,19,49,0.8676323347781927,17,19
0.265,0.8883928571428571,0.8024193548387096,0.8432203389830508,0.9041095890410958,0.7764705882352941,0.8354430379746836,66,7,19,49,0.8676323347781927,17,19
0.27,0.8883928571428571,0.8024193548387096,0.8432203389830508,0.9041095890410958,0.7764705882352941,0.8354430379746836,66,7,19,49,0.8676323347781927,17,19
0.275,0.8883928571428571,0.8024193548387096,0.8432203389830508,0.9041095890410958,0.7764705882352941,0.8354430379746836,66,7,19,49,0.8676323347781927,17,19
0.28,0.8883928571428571,0.8024193548387096,0.8432203389830508,0.9041095890410958,0.7764705882352941,0.8354430379746836,66,7,19,49,0.8676323347781927,17,19
0.285,0.8883928571428571,0.8024193548387096,0.8432203389830508,0.9041095890410958,0.7764705882352941,0.8354430379746836,66,7,19,49,0.8676323347781927,17,19
0.29,0.8883928571428571,0.8024193548387096,0.8432203389830508,0.9041095890410958,0.7764705882352941,0.8354430379746836,66,7,19,49,0.8676323347781927,17,19
0.295,0.8883928571428571,0.8024193548387096,0.8432203389830508,0.9041095890410958,0.7764705882352941,0.8354430379746836,66,7,19,49,0.8676323347781927,17,19
0.3,0.8883928571428571,0.8024193548387096,0.8432203389830508,0.9041095890410958,0.7764705882352941,0.8354430379746836,66,7,19,49,0.8676323347781927,17,19
0.305,0.8878923766816144,0.7983870967741935,0.8407643312101911,0.9041095890410958,0.7764705882352941,0.8354430379746836,66,7,19,49,0.8676323347781927,17,19
0.31,0.8878923766816144,0.7983870967741935,0.8407643312101911,0.9041095890410958,0.7764705882352941,0.8354430379746836,66,7,19,49,0.8676323347781927,17,19
0.315,0.8878923766816144,0.7983870967741935,0.8407643312101911,0.9041095890410958,0.7764705882352941,0.8354430379746836,66,7,19,49,0.8676323347781927,17,19
0.32,0.8878923766816144,0.7983870967741935,0.8407643312101911,0.9041095890410958,0.7764705882352941,0.8354430379746836,66,7,19,49,0.8676323347781927,17,19
0.325,0.8878923766816144,0.7983870967741935,0.8407643312101911,0.9041095890410958,0.7764705882352941,0.8354430379746836,66,7,19,49,0.8676323347781927,17,19
0.33,0.8873873873873874,0.7943548387096774,0.8382978723404255,0.9041095890410958,0.7764705882352941,0.8354430379746836,66,7,19,49,0.8676323347781927,17,19
0.335,0.8873873873873874,0.7943548387096774,0.8382978723404255,0.9041095890410958,0.7764705882352941,0.8354430379746836,66,7,19,49,0.8676323347781927,17,19
0.34,0.8873873873873874,0.7943548387096774,0.8382978723404255,0.9041095890410958,0.7764705882352941,0.8354430379746836,66,7,19,49,0.8676323347781927,17,19
0.345,0.8873873873873874,0.7943548387096774,0.8382978723404255,0.9041095890410958,0.7764705882352941,0.8354430379746836,66,7,19,49,0.8676323347781927,17,19
0.35,0.8873873873873874,0.7943548387096774,0.8382978723404255,0.9041095890410958,0.7764705882352941,0.8354430379746836,66,7,19,49,0.8676323347781927,17,19
0.355,0.8868778280542986,0.7903225806451613,0.835820895522388,0.9041095890410958,0.7764705882352941,0.8354430379746836,66,7,19,49,0.8676323347781927,17,19
0.36,0.8909090909090909,0.7903225806451613,0.8376068376068376,0.9166666666666666,0.7764705882352941,0.8407643312101911,66,6,19,50,1.0,18,19
0.365,0.8909090909090909,0.7903225806451613,0.8376068376068376,0.9166666666666666,0.7764705882352941,0.8407643312101911,66,6,19,50,1.0,18,19
0.37,0.8904109589041096,0.7862903225806451,0.8351177730192719,0.9154929577464789,0.7647058823529411,0.8333333333333334,65,6,20,50,0.8711314915971582,18,20
0.375,0.8904109589041096,0.7862903225806451,0.8351177730192719,0.9154929577464789,0.7647058823529411,0.8333333333333334,65,6,20,50,0.8711314915971582,18,20
0.38,0.8944954128440367,0.7862903225806451,0.8369098712446352,0.9154929577464789,0.7647058823529411,0.8333333333333334,65,6,20,50,0.8711314915971582,18,20
0.385,0.8940092165898618,0.782258064516129,0.8344086021505376,0.9154929577464789,0.7647058823529411,0.8333333333333334,65,6,20,50,0.8711314915971582,18,20
0.39,0.8940092165898618,0.782258064516129,0.8344086021505376,0.9154929577464789,0.7647058823529411,0.8333333333333334,65,6,20,50,0.8711314915971582,18,20
0.395,0.8940092165898618,0.782258064516129,0.8344086021505376,0.9154929577464789,0.7647058823529411,0.8333333333333334,65,6,20,50,0.8711314915971582,18,20
0.4,0.8935185185185185,0.7782258064516129,0.8318965517241379,0.9154929577464789,0.7647058823529411,0.8333333333333334,65,6,20,50,0.8711314915971582,18,20
0.405,0.8935185185185185,0.7782258064516129,0.8318965517241379,0.9154929577464789,0.7647058823529411,0.8333333333333334,65,6,20,50,0.8711314915971582,18,20
0.41,0.8935185185185185,0.7782258064516129,0.8318965517241379,0.9154929577464789,0.7647058823529411,0.8333333333333334,65,6,20,50,0.8711314915971582,18,20
0.415,0.8930232558139535,0.7741935483870968,0.8293736501079914,0.9154929577464789,0.7647058823529411,0.8333333333333334,65,6,20,50,0.8711314915971582,18,20
0.42,0.8930232558139535,0.7741935483870968,0.8293736501079914,0.9154929577464789,0.7647058823529411,0.8333333333333334,65,6,20,50,0.8711314915971582,18,20
0.425,0.8930232558139535,0.7741935483870968,0.8293736501079914,0.9154929577464789,0.7647058823529411,0.8333333333333334,65,6,20,50,0.8711314915971582,18,20
0.43,0.8925233644859814,0.7701612903225806,0.8268398268398268,0.9154929577464789,0.7647058823529411,0.8333333333333334,65,6,20,50,0.8711314915971582,18,20
0.435,0.8925233644859814,0.7701612903225806,0.8268398268398268,0.9154929577464789,0.7647058823529411,0.8333333333333334,65,6,20,50,0.8711314915971582,18,20
0.44,0.8925233644859814,0.7701612903225806,0.8268398268398268,0.9154929577464789,0.7647058823529411,0.8333333333333334,65,6,20,50,0.8711314915971582,18,20
0.445,0.8925233644859814,0.7701612903225806,0.8268398268398268,0.9154929577464789,0.7647058823529411,0.8333333333333334,65,6,20,50,0.8711314915971582,18,20
0.45,0.892018779342723,0.7661290322580645,0.824295010845987,0.9154929577464789,0.7647058823529411,0.8333333333333334,65,6,20,50,0.8711314915971582,18,20
0.455,0.8957345971563981,0.7620967741935484,0.8235294117647058,0.9285714285714286,0.7647058823529411,0.8387096774193549,65,5,20,51,1.0,19,20
0.46,0.9,0.7620967741935484,0.8253275109170306,0.9285714285714286,0.7647058823529411,0.8387096774193549,65,5,20,51,1.0,19,20
0.465,0.9,0.7620967741935484,0.8253275109170306,0.9285714285714286,0.7647058823529411,0.8387096774193549,65,5,20,51,1.0,19,20
0.47,0.9,0.7620967741935484,0.8253275109170306,0.9285714285714286,0.7647058823529411,0.8387096774193549,65,5,20,51,1.0,19,20
0.475,0.9,0.7620967741935484,0.8253275109170306,0.9285714285714286,0.7647058823529411,0.8387096774193549,65,5,20,51,1.0,19,20
0.48,0.9,0.7620967741935484,0.8253275109170306,0.9285714285714286,0.7647058823529411,0.8387096774193549,65,5,20,51,1.0,19,20
0.485,0.9,0.7620967741935484,0.8253275109170306,0.9285714285714286,0.7647058823529411,0.8387096774193549,65,5,20,51,1.0,19,20
0.49,0.9,0.7620967741935484,0.8253275109170306,0.9285714285714286,0.7647058823529411,0.8387096774193549,65,5,20,51,1.0,19,20
0.495,0.9,0.7620967741935484,0.8253275109170306,0.9285714285714286,0.7647058823529411,0.8387096774193549,65,5,20,51,1.0,19,20
0.5,0.9,0.7620967741935484,0.8253275109170306,0.9285714285714286,0.7647058823529411,0.8387096774193549,65,5,20,51,1.0,19,20
0.505,0.9,0.7620967741935484,0.8253275109170306,0.9285714285714286,0.7647058823529411,0.8387096774193549,65,5,20,51,1.0,19,20
0.51,0.9,0.7620967741935484,0.8253275109170306,0.9285714285714286,0.7647058823529411,0.8387096774193549,65,5,20,51,1.0,19,20
0.515,0.9,0.7620967741935484,0.8253275109170306,0.9285714285714286,0.7647058823529411,0.8387096774193549,65,5,20,51,1.0,19,20
0.52,0.9,0.7620967741935484,0.8253275109170306,0.9285714285714286,0.7647058823529411,0.8387096774193549,65,5,20,51,1.0,19,20
0.525,0.9043062200956937,0.7620967741935484,0.8271334792122538,0.9285714285714286,0.7647058823529411,0.8387096774193549,65,5,20,51,1.0,19,20
0.53,0.9038461538461539,0.7580645161290323,0.8245614035087719,0.9285714285714286,0.7647058823529411,0.8387096774193549,65,5,20,51,1.0,19,20
0.535,0.9038461538461539,0.7580645161290323,0.8245614035087719,0.9285714285714286,0.7647058823529411,0.8387096774193549,65,5,20,51,1.0,19,20
0.54,0.9038461538461539,0.7580645161290323,0.8245614035087719,0.9285714285714286,0.7647058823529411,0.8387096774193549,65,5,20,51,1.0,19,20
0.545,0.9033816425120773,0.7540322580645161,0.8219780219780219,0.9285714285714286,0.7647058823529411,0.8387096774193549,65,5,20,51,1.0,19,20
0.55,0.9033816425120773,0.7540322580645161,0.8219780219780219,0.9285714285714286,0.7647058823529411,0.8387096774193549,65,5,20,51,1.0,19,20
0.555,0.9033816425120773,0.7540322580645161,0.8219780219780219,0.9285714285714286,0.7647058823529411,0.8387096774193549,65,5,20,51,1.0,19,20
0.56,0.9029126213592233,0.75,0.8193832599118943,0.9285714285714286,0.7647058823529411,0.8387096774193549,65,5,20,51,1.0,19,20
0.565,0.9029126213592233,0.75,0.8193832599118943,0.9285714285714286,0.7647058823529411,0.8387096774193549,65,5,20,51,1.0,19,20
0.57,0.9019607843137255,0.7419354838709677,0.8141592920353983,0.9285714285714286,0.7647058823529411,0.8387096774193549,65,5,20,51,1.0,19,20
0.575,0.900990099009901,0.7338709677419355,0.8088888888888889,0.927536231884058,0.7529411764705882,0.8311688311688312,64,5,21,51,0.8711314915971582,18,20
0.58,0.900990099009901,0.7338709677419355,0.8088888888888889,0.927536231884058,0.7529411764705882,0.8311688311688312,64,5,21,51,0.8711314915971582,18,20
0.585,0.900497512437811,0.7298387096774194,0.8062360801781737,0.927536231884058,0.7529411764705882,0.8311688311688312,64,5,21,51,0.8711314915971582,18,20
0.59,0.9,0.7258064516129032,0.8035714285714286,0.927536231884058,0.7529411764705882,0.8311688311688312,64,5,21,51,0.8711314915971582,18,20
0.595,0.9,0.7258064516129032,0.8035714285714286,0.927536231884058,0.7529411764705882,0.8311688311688312,64,5,21,51,0.8711314915971582,18,20
0.6,0.9,0.7258064516129032,0.8035714285714286,0.927536231884058,0.7529411764705882,0.8311688311688312,64,5,21,51,0.8711314915971582,18,20
0.605,0.9,0.7258064516129032,0.8035714285714286,0.927536231884058,0.7529411764705882,0.8311688311688312,64,5,21,51,0.8711314915971582,18,20
0.61,0.9,0.7258064516129032,0.8035714285714286,0.927536231884058,0.7529411764705882,0.8311688311688312,64,5,21,51,0.8711314915971582,18,20
0.615,0.8994974874371859,0.7217741935483871,0.8008948545861297,0.9264705882352942,0.7411764705882353,0.8235294117647058,63,5,22,51,0.7423083940717163,17,20
0.62,0.898989898989899,0.717741935483871,0.7982062780269058,0.9253731343283582,0.7294117647058823,0.8157894736842105,62,5,23,51,0.6264962743469111,17,21
0.625,0.898989898989899,0.717741935483871,0.7982062780269058,0.9253731343283582,0.7294117647058823,0.8157894736842105,62,5,23,51,0.6264962743469111,17,21
0.63,0.898989898989899,0.717741935483871,0.7982062780269058,0.9253731343283582,0.7294117647058823,0.8157894736842105,62,5,23,51,0.6264962743469111,17,21
0.635,0.9030612244897959,0.7137096774193549,0.7972972972972973,0.9253731343283582,0.7294117647058823,0.8157894736842105,62,5,23,51,0.6264962743469111,17,21
0.64,0.9030612244897959,0.7137096774193549,0.7972972972972973,0.9253731343283582,0.7294117647058823,0.8157894736842105,62,5,23,51,0.6264962743469111,17,21
0.645,0.9030612244897959,0.7137096774193549,0.7972972972972973,0.9253731343283582,0.7294117647058823,0.8157894736842105,62,5,23,51,0.6264962743469111,17,21
0.65,0.9030612244897959,0.7137096774193549,0.7972972972972973,0.9253731343283582,0.7294117647058823,0.8157894736842105,62,5,23,51,0.6264962743469111,17,21
0.655,0.9030612244897959,0.7137096774193549,0.7972972972972973,0.9253731343283582,0.7294117647058823,0.8157894736842105,62,5,23,51,0.6264962743469111,17,21
0.66,0.9025641025641026,0.7096774193548387,0.7945823927765236,0.9253731343283582,0.7294117647058823,0.8157894736842105,62,5,23,51,0.6264962743469111,17,21
0.665,0.9025641025641026,0.7096774193548387,0.7945823927765236,0.9253731343283582,0.7294117647058823,0.8157894736842105,62,5,23,51,0.6264962743469111,17,21
0.67,0.9025641025641026,0.7096774193548387,0.7945823927765236,0.9253731343283582,0.7294117647058823,0.8157894736842105,62,5,23,51,0.6264962743469111,17,21
0.675,0.9025641025641026,0.7096774193548387,0.7945823927765236,0.9253731343283582,0.7294117647058823,0.8157894736842105,62,5,23,51,0.6264962743469111,17,21
0.68,0.9015544041450777,0.7016129032258065,0.7891156462585034,0.9242424242424242,0.7176470588235294,0.8079470198675497,61,5,24,51,0.5107977981738965,16,21
0.685,0.9015544041450777,0.7016129032258065,0.7891156462585034,0.9242424242424242,0.7176470588235294,0.8079470198675497,61,5,24,51,0.5107977981738965,16,21
0.69,0.90625,0.7016129032258065,0.7909090909090909,0.9242424242424242,0.7176470588235294,0.8079470198675497,61,5,24,51,0.5107977981738965,16,21
0.695,0.9057591623036649,0.6975806451612904,0.7881548974943052,0.9242424242424242,0.7176470588235294,0.8079470198675497,61,5,24,51,0.5107977981738965,16,21
0.7,0.9095744680851063,0.6895161290322581,0.7844036697247706,0.9230769230769231,0.7058823529411765,0.8,60,5,25,51,0.41730416562740436,16,22
0.705,0.9095744680851063,0.6895161290322581,0.7844036697247706,0.9230769230769231,0.7058823529411765,0.8,60,5,25,51,0.41730416562740436,16,22
0.71,0.9095744680851063,0.6895161290322581,0.7844036697247706,0.9230769230769231,0.7058823529411765,0.8,60,5,25,51,0.41730416562740436,16,22
0.715,0.9144385026737968,0.6895161290322581,0.7862068965517242,0.9230769230769231,0.7058823529411765,0.8,60,5,25,51,0.41730416562740436,16,22
0.72,0.9144385026737968,0.6895161290322581,0.7862068965517242,0.9230769230769231,0.7058823529411765,0.8,60,5,25,51,0.41730416562740436,16,22
0.725,0.9144385026737968,0.6895161290322581,0.7862068965517242,0.9230769230769231,0.7058823529411765,0.8,60,5,25,51,0.41730416562740436,16,22
0.73,0.9144385026737968,0.6895161290322581,0.7862068965517242,0.9230769230769231,0.7058823529411765,0.8,60,5,25,51,0.41730416562740436,16,22
0.735,0.918918918918919,0.6854838709677419,0.7852193995381063,0.9230769230769231,0.7058823529411765,0.8,60,5,25,51,0.41730416562740436,16,22
0.74,0.9239130434782609,0.6854838709677419,0.7870370370370371,0.9230769230769231,0.7058823529411765,0.8,60,5,25,51,0.41730416562740436,16,22
0.745,0.9234972677595629,0.6814516129032258,0.7842227378190255,0.9230769230769231,0.7058823529411765,0.8,60,5,25,51,0.41730416562740436,16,22
0.75,0.9234972677595629,0.6814516129032258,0.7842227378190255,0.9230769230769231,0.7058823529411765,0.8,60,5,25,51,0.41730416562740436,16,22
0.755,0.9234972677595629,0.6814516129032258,0.7842227378190255,0.9230769230769231,0.7058823529411765,0.8,60,5,25,51,0.41730416562740436,16,22
0.76,0.9222222222222223,0.6693548387096774,0.7757009345794392,0.921875,0.6941176470588235,0.7919463087248322,59,5,26,51,0.33666836761003605,16,23
0.765,0.9222222222222223,0.6693548387096774,0.7757009345794392,0.921875,0.6941176470588235,0.7919463087248322,59,5,26,51,0.33666836761003605,16,23
0.77,0.9217877094972067,0.6653225806451613,0.7728337236533958,0.921875,0.6941176470588235,0.7919463087248322,59,5,26,51,0.33666836761003605,16,23
0.775,0.9217877094972067,0.6653225806451613,0.7728337236533958,0.921875,0.6941176470588235,0.7919463087248322,59,5,26,51,0.33666836761003605,16,23
0.78,0.9213483146067416,0.6612903225806451,0.7699530516431925,0.921875,0.6941176470588235,0.7919463087248322,59,5,26,51,0.33666836761003605,16,23
0.785,0.9213483146067416,0.6612903225806451,0.7699530516431925,0.921875,0.6941176470588235,0.7919463087248322,59,5,26,51,0.33666836761003605,16,23
0.79,0.9213483146067416,0.6612903225806451,0.7699530516431925,0.921875,0.6941176470588235,0.7919463087248322,59,5,26,51,0.33666836761003605,16,23
0.795,0.9213483146067416,0.6612903225806451,0.7699530516431925,0.921875,0.6941176470588235,0.7919463087248322,59,5,26,51,0.33666836761003605,16,23
0.8,0.9209039548022598,0.657258064516129,0.7670588235294118,0.921875,0.6941176470588235,0.7919463087248322,59,5,26,51,0.33666836761003605,16,23
0.805,0.9209039548022598,0.657258064516129,0.7670588235294118,0.921875,0.6941176470588235,0.7919463087248322,59,5,26,51,0.33666836761003605,16,23
0.81,0.92,0.6491935483870968,0.7612293144208038,0.921875,0.6941176470588235,0.7919463087248322,59,5,26,51,0.33666836761003605,16,23
0.815,0.9195402298850575,0.6451612903225806,0.7582938388625592,0.921875,0.6941176470588235,0.7919463087248322,59,5,26,51,0.33666836761003605,16,23
0.82,0.9195402298850575,0.6451612903225806,0.7582938388625592,0.921875,0.6941176470588235,0.7919463087248322,59,5,26,51,0.33666836761003605,16,23
0.825,0.9195402298850575,0.6451612903225806,0.7582938388625592,0.921875,0.6941176470588235,0.7919463087248322,59,5,26,51,0.33666836761003605,16,23
0.83,0.9190751445086706,0.6411290322580645,0.7553444180522565,0.921875,0.6941176470588235,0.7919463087248322,59,5,26,51,0.33666836761003605,16,23
0.835,0.9190751445086706,0.6411290322580645,0.7553444180522565,0.921875,0.6941176470588235,0.7919463087248322,59,5,26,51,0.33666836761003605,16,23
0.84,0.9186046511627907,0.6370967741935484,0.7523809523809524,0.921875,0.6941176470588235,0.7919463087248322,59,5,26,51,0.33666836761003605,16,23
0.845,0.9186046511627907,0.6370967741935484,0.7523809523809524,0.921875,0.6941176470588235,0.7919463087248322,59,5,26,51,0.33666836761003605,16,23
0.85,0.9186046511627907,0.6370967741935484,0.7523809523809524,0.921875,0.6941176470588235,0.7919463087248322,59,5,26,51,0.33666836761003605,16,23
0.855,0.9176470588235294,0.6290322580645161,0.7464114832535885,0.921875,0.6941176470588235,0.7919463087248322,59,5,26,51,0.33666836761003605,16,23
0.86,0.9171597633136095,0.625,0.7434052757793765,0.921875,0.6941176470588235,0.7919463087248322,59,5,26,51,0.33666836761003605,16,23
0.865,0.9171597633136095,0.625,0.7434052757793765,0.921875,0.6941176470588235,0.7919463087248322,59,5,26,51,0.33666836761003605,16,23
0.87,0.9166666666666666,0.6209677419354839,0.7403846153846154,0.921875,0.6941176470588235,0.7919463087248322,59,5,26,51,0.33666836761003605,16,23
0.875,0.9161676646706587,0.6169354838709677,0.7373493975903614,0.921875,0.6941176470588235,0.7919463087248322,59,5,26,51,0.33666836761003605,16,23
0.88,0.9141104294478528,0.6008064516129032,0.7250608272506083,0.921875,0.6941176470588235,0.7919463087248322,59,5,26,51,0.33666836761003605,16,23
0.885,0.9130434782608695,0.592741935483871,0.7188264058679706,0.921875,0.6941176470588235,0.7919463087248322,59,5,26,51,0.33666836761003605,16,23
0.89,0.9125,0.5887096774193549,0.7156862745098039,0.9206349206349206,0.6823529411764706,0.7837837837837838,58,5,27,51,0.2683816272927576,16,24
0.895,0.9119496855345912,0.5846774193548387,0.7125307125307125,0.9206349206349206,0.6823529411764706,0.7837837837837838,58,5,27,51,0.2683816272927576,16,24
0.9,0.9235668789808917,0.5846774193548387,0.7160493827160493,0.9206349206349206,0.6823529411764706,0.7837837837837838,58,5,27,51,0.2683816272927576,16,24
0.905,0.9230769230769231,0.5806451612903226,0.7128712871287128,0.9206349206349206,0.6823529411764706,0.7837837837837838,58,5,27,51,0.2683816272927576,16,24
0.91,0.922077922077922,0.5725806451612904,0.7064676616915423,0.9206349206349206,0.6823529411764706,0.7837837837837838,58,5,27,51,0.2683816272927576,16,24
0.915,0.9215686274509803,0.5685483870967742,0.7032418952618454,0.9193548387096774,0.6705882352941176,0.7755102040816326,57,5,28,51,0.21152242941072538,16,25
0.92,0.9210526315789473,0.5645161290322581,0.7,0.9193548387096774,0.6705882352941176,0.7755102040816326,57,5,28,51,0.21152242941072538,16,25
0.925,0.9210526315789473,0.5645161290322581,0.7,0.9193548387096774,0.6705882352941176,0.7755102040816326,57,5,28,51,0.21152242941072538,16,25
0.93,0.9205298013245033,0.5604838709677419,0.6967418546365914,0.9193548387096774,0.6705882352941176,0.7755102040816326,57,5,28,51,0.21152242941072538,16,25
0.935,0.9261744966442953,0.5564516129032258,0.6952141057934509,0.9193548387096774,0.6705882352941176,0.7755102040816326,57,5,28,51,0.21152242941072538,16,25
0.94,0.9256756756756757,0.5524193548387096,0.6919191919191919,0.9193548387096774,0.6705882352941176,0.7755102040816326,57,5,28,51,0.21152242941072538,16,25
0.945,0.9305555555555556,0.5403225806451613,0.6836734693877551,0.9333333333333333,0.6588235294117647,0.7724137931034483,56,4,29,52,0.2224692106646854,17,26
0.95,0.9295774647887324,0.532258064516129,0.676923076923077,0.9333333333333333,0.6588235294117647,0.7724137931034483,56,4,29,52,0.2224692106646854,17,26
0.955,0.9285714285714286,0.5241935483870968,0.6701030927835051,0.9333333333333333,0.6588235294117647,0.7724137931034483,56,4,29,52,0.2224692106646854,17,26
0.96,0.9264705882352942,0.5080645161290323,0.65625,0.9322033898305084,0.6470588235294118,0.7638888888888888,55,4,30,52,0.16491482255329737,16,26
0.965,0.9318181818181818,0.4959677419354839,0.6473684210526316,0.9322033898305084,0.6470588235294118,0.7638888888888888,55,4,30,52,0.16491482255329737,16,26
0.97,0.937007874015748,0.4798387096774194,0.6346666666666667,0.9310344827586207,0.6352941176470588,0.7552447552447552,54,4,31,52,0.11834981273562842,15,26
0.975,0.9349593495934959,0.4637096774193548,0.6199460916442049,0.9310344827586207,0.6352941176470588,0.7552447552447552,54,4,31,52,0.11834981273562842,15,26
0.98,0.954954954954955,0.4274193548387097,0.5905292479108635,0.9285714285714286,0.611764705882353,0.7375886524822695,52,4,33,52,0.06725250426083074,15,28
0.985,0.9532710280373832,0.4112903225806452,0.5746478873239437,0.9272727272727272,0.6,0.7285714285714285,51,4,34,52,0.050016395485646,15,29
0.99,0.967032967032967,0.3548387096774194,0.5191740412979351,0.9607843137254902,0.5764705882352941,0.7205882352941176,49,2,36,54,0.050016395485646,15,29
0.995,0.971830985915493,0.2782258064516129,0.43260188087774293,0.9555555555555556,0.5058823529411764,0.6615384615384615,43,2,42,54,0.006098945931214356,14,34
