corpus,input,head,seed,acc,swap,auc
SemEval,canon.,sym.,1,0.9650442477876107,1.0,0.9823340952157691
SemEval,canon.,sym.,2,0.9615044247787611,1.0,0.9244627752056106
SemEval,canon.,sym.,3,0.9610619469026549,1.0,0.9354104397429136
SemEval,canon.,uncon.,1,0.9641592920353982,1.0,0.9296929027720799
SemEval,canon.,uncon.,2,0.9623893805309734,1.0,0.8864707261325675
SemEval,canon.,uncon.,3,0.963716814159292,1.0,0.8950785324972161
SemEval,text,sym.,1,0.9668141592920354,0.9893805309734514,0.9793959639766356
SemEval,text,sym.,2,0.968141592920354,0.986283185840708,0.9238381292855888
SemEval,text,sym.,3,0.9632743362831858,0.9849557522123894,0.9364707261325677
SemEval,text,uncon.,1,0.9641592920353982,0.9588495575221239,0.9298335579909747
SemEval,text,uncon.,2,0.9672566371681416,0.9066371681415929,0.8952460489558305
SemEval,text,uncon.,3,0.965929203539823,0.9495575221238938,0.8961607962648226
