corpus,pi,seed,acc,swap
SemEval,0.5,1,0.9610619469026549,0.9924778761061946
SemEval,0.5,2,0.9606194690265487,0.9853982300884956
SemEval,0.6,1,0.95929203539823,0.9831858407079646
SemEval,0.6,2,0.9615044247787611,0.9778761061946902
SemEval,0.7,1,0.9579646017699115,0.9597345132743362
SemEval,0.7,2,0.9584070796460177,0.965929203539823
SemEval,0.8,1,0.947787610619469,0.9420353982300885
SemEval,0.8,2,0.9526548672566372,0.947787610619469
SemEval,0.9,1,0.922566371681416,0.8659292035398231
SemEval,0.9,2,0.9318584070796461,0.8898230088495576
SemEval,1.0,1,0.5845132743362832,0.0
SemEval,1.0,2,0.5845132743362832,0.0
BioRED,0.5,1,0.9052631578947369,0.9866028708133971
BioRED,0.5,2,0.9062200956937799,0.9818181818181818
BioRED,0.7,1,0.907177033492823,0.9779904306220095
BioRED,0.7,2,0.907177033492823,0.968421052631579
BioRED,0.9,1,0.8842105263157894,0.8746411483253589
BioRED,0.9,2,0.8813397129186603,0.8832535885167464
