id,sentence,species1,species1_form,species2,species2_form,interaction,interaction_form,entity_prepended,gold_label,gold_species_pair,species1_eval,species2_eval,interaction_eval,classifier_prediction,doc_id,triplet_key,source,curated_by,curated_date,species1_form_clean,species2_form_clean,interaction_form_clean,p_V3_s1,p_V3_s2,p_V3_s3,p_V2_s1,p_V2_s2,p_V2_s3,pform_V3_s1,pform_V3_s2,pform_V3_s3,pform_V2_s1,pform_V2_s2,pform_V2_s3,p3,p3f,p2f,s1rank,s2rank,n_high,pf1_s1,prev_s1,pf1_s2,prev_s2,pf1_s3,prev_s3,pf1,prev,pmax
biotx_reject_R001,"Vectors for expression of human OX1, OX2 and CB1 receptors, C-terminally fused with either Renilla luciferase or GFP(2) green fluorescent protein variant, were generated.",Renilla,['Renilla'],Homo sapiens,['human'],is vector for,['Vectors for'],"Entity1: Renilla. Entity2: Homo sapiens. Sentence: Vectors for expression of human OX1, OX2 and CB1 receptors, C-terminally fused with either Renilla luciferase or GFP(2) green fluorescent protein variant, were generated.",0,0,0,1,0,0,24530395,ott:507963;ott:770315;RO_0002459,biotx_rejected_2026-09,EG,2026-09-17,Renilla,human,Vectors for,0.0002646223292686,0.000699023657944,0.0005122883594594,0.000874918536283,0.0012158892350271,0.0013627347070723,0.000263258407358,0.0006030819495208,0.0003833588561974,0.0007906826795078,0.0008741594501771,0.0011601329315453,0.0004919781155573,0.0004165664043587,0.0009416583537434,genus,species,1,0.000263258407358,0.0002677530283108,0.0006030819495208,0.0005142010049894,0.0003833588561974,0.0003772154741454,0.0004165664043587,0.0003863898358152,0.0004165664043587
biotx_reject_R002,"The proximal end of each vein was ligated, adenovirus containing the Escherichia coli beta-galactosidase gene (Ad.CMVLacZ) was delivered at titers of 2.5 x 10(9) or 5 x 10(9) plaque-forming units (pfu)/mL to the lumen through a distal heparin lock, and the segment was immersed in the viral solution for 1 hour at 37 degrees C. Control segments were exposed to diluent alone in an identical manner.",unidentified adenovirus,['adenovirus'],Escherichia coli,['Escherichia coli'],exposed to,['exposed to'],"Entity1: unidentified adenovirus. Entity2: Escherichia coli. Sentence: The proximal end of each vein was ligated, adenovirus containing the Escherichia coli beta-galactosidase gene (Ad.CMVLacZ) was delivered at titers of 2.5 x 10(9) or 5 x 10(9) plaque-forming units (pfu)/mL to the lumen through a distal heparin lock, and the segment was immersed in the viral solution for 1 hour at 37 degrees C. Control segments were exposed to diluent alone in an identical manner.",0,0,1,1,0,0,12400762,ncbitaxon_viruses:10535;ott:474506;RO_e000044,biotx_rejected_2026-09,EG,2026-09-17,adenovirus,Escherichia coli,exposed to,0.000340771570336,0.0007325351471081,0.0006297267973423,0.0010995069751515,0.0012701578671112,0.0014432314783334,0.0004203072749078,0.000729477556888,0.0006468700012192,0.0010700057027861,0.0014223615871742,0.0014867520658299,0.0005676778382621,0.0005988849443383,0.0013263731185967,UNRESOLVED,species,1,0.0004203072749078,0.0021374118514358,0.000729477556888,0.0009520520106889,0.0006468700012192,0.0013444984797388,0.0005988849443383,0.0014779874472878,0.0014779874472878
biotx_reject_R003,"As in the case of other human pathogens, epidemiological conclusions might be more accurate if based on both phenotypic and genotypic methods, therefore molecular typing should be added within the national laboratory-based surveillance of Salmonella infections.",Salmonella,['Salmonella'],Homo sapiens,['human'],pathogen of,['pathogens'],"Entity1: Salmonella. Entity2: Homo sapiens. Sentence: As in the case of other human pathogens, epidemiological conclusions might be more accurate if based on both phenotypic and genotypic methods, therefore molecular typing should be added within the national laboratory-based surveillance of Salmonella infections.",1,1,1,1,1,0,20361529,ott:3308;ott:770315;RO_0002556,biotx_rejected_2026-09,EG,2026-09-17,Salmonella,human,pathogens,0.0659582391381263,0.1857418268918991,0.1032297387719154,0.1600144058465957,0.1461400091648101,0.045652836561203,0.1831720471382141,0.2319200932979583,0.4644021391868591,0.9012932777404784,0.833621084690094,0.3758346438407898,0.1183099349339802,0.2931647598743438,0.7035830020904541,genus,species,1,0.1831720471382141,0.00142397521995,0.2319200932979583,0.0010770253138616,0.4644021391868591,0.0064263795502483,0.2931647598743438,0.0029757933613533,0.2931647598743438
biotx_reject_R004,"We exposed juvenile rainbow trout (Oncorhynchus mykiss) to a representative mixture of the five most abundant REEs for 96 h at concentrations similar found in lakes contaminated by mining activities at 0.1, 1, 10, and 100X whereas the 1x mixture contained cerium (Ce, 280 μg/L), lanthanum (La, 140 μg/L), neodymium (Nd, 120 μg/L), praseodymium (Pr, 28 μg/L), and samarium (Sm, 23 μg/L).",Oncorhynchus mykiss,"['rainbow trout', 'Oncorhynchus mykiss']",Cerium,['cerium'],contaminated by,['contaminated by'],"Entity1: Oncorhynchus mykiss. Entity2: Cerium. Sentence: We exposed juvenile rainbow trout (Oncorhynchus mykiss) to a representative mixture of the five most abundant REEs for 96 h at concentrations similar found in lakes contaminated by mining activities at 0.1, 1, 10, and 100X whereas the 1x mixture contained cerium (Ce, 280 μg/L), lanthanum (La, 140 μg/L), neodymium (Nd, 120 μg/L), praseodymium (Pr, 28 μg/L), and samarium (Sm, 23 μg/L).",0,0,1,0,0,0,33534100,ott:165368;ott:5326830;RO_e000001,biotx_rejected_2026-09,EG,2026-09-17,rainbow trout; Oncorhynchus mykiss,cerium,contaminated by,0.0004111219896003,0.0010400916216894,0.0005534355295822,0.0011076935334131,0.0022829347290098,0.0011121114948764,0.000407658633776,0.0013140804367139,0.0006114463903941,0.0012128569651395,0.0036291694268584,0.0011731219710782,0.0006682163802906,0.0007777284869613,0.0020050494543587,species,genus,1,0.0003372767532709,0.000478749978356,0.0012396761449053,0.0006422350998036,0.0004576270875986,0.0006004837341606,0.0006781933285916,0.0005738229374401,0.0006781933285916
biotx_reject_R005,This was due to the fact that the birds migrating to European Russia and a portion of birds migrating from Siberia have common winter nesting areas.,Charhyphus,['Siberia'],Aves,['birds'],migrates with,['migrating'],Entity1: Charhyphus. Entity2: Aves. Sentence: This was due to the fact that the birds migrating to European Russia and a portion of birds migrating from Siberia have common winter nesting areas.,0,0,0,1,0,0,17087198,ott:4595508;ott:81461;RO_e000046,biotx_rejected_2026-09,EG,2026-09-17,Siberia,birds,migrating,0.0004161973774898,0.0004992601461708,0.0018369412282481,0.0010663651628419,0.001428966759704,0.0020697549916803,0.0190255288034677,0.0031410274095833,0.007595723029226,0.0052410657517611,0.0030110348016023,0.0059605995193123,0.0009174662506362,0.0099207597474256,0.0047375666908919,genus,class,2,0.0190255288034677,0.0815881192684173,0.0031410274095833,0.0236222110688686,0.007595723029226,0.1445714682340622,0.0099207597474257,0.0832605995237827,0.0832605995237827
biotx_reject_R006,"In addition, Western blot revealed that recombinant Ra-cyst-1 was not recognized by sera derived from rabbits infested with ticks, suggesting that this cystatin is not secreted into the host during infestation.",Ixodida,['ticks'],Oryctolagus cuniculus,['rabbits'],infested by,"['infestation', 'infested']","Entity1: Ixodida. Entity2: Oryctolagus cuniculus. Sentence: In addition, Western blot revealed that recombinant Ra-cyst-1 was not recognized by sera derived from rabbits infested with ticks, suggesting that this cystatin is not secreted into the host during infestation.",1,1,1,1,1,0,23265949,ott:150787;ott:864596;RO_e000005,biotx_rejected_2026-09,EG,2026-09-17,ticks,rabbits,infestation; infested,0.0014571921201422,0.0025810918305069,0.0028716118540614,0.00285339448601,0.0032992295455187,0.0011072546476498,0.9361790418624878,0.867214560508728,0.7344693541526794,0.7524448037147522,0.95185124874115,0.7043872475624084,0.0023032986015701,0.8459543188412985,0.8028944333394369,order,species,1,0.985451340675354,0.9912051558494568,0.9843485951423644,0.9915468096733092,0.9641619324684144,0.9872274398803712,0.9779872894287108,0.989993135134379,0.989993135134379
biotx_reject_R007,Contamination is at its highest level in radish and spinach.,Spinacia oleracea,['spinach'],Raphanus sativus,['radish'],has contaminated,['Contamination'],Entity1: Spinacia oleracea. Entity2: Raphanus sativus. Sentence: Contamination is at its highest level in radish and spinach.,0,0,1,1,0,0,22131014,ott:317784;ott:359073;RO_e000002,biotx_rejected_2026-09,EG,2026-09-17,spinach,radish,Contamination,0.0004947336274199,0.0013241620035842,0.0013876039301976,0.0022512238938361,0.0011575772659853,0.0013851491967216,0.0018170374678447,0.0020891062449663,0.0065757017582654,0.0052239899523556,0.0030882763676345,0.0038557662628591,0.0010688331870672,0.0034939484903588,0.0040560108609497,species,species,0,0.0018170374678447,0.000378479657229,0.0020891062449663,0.0006412757793441,0.0065757017582654,0.0010205761063843,0.0034939484903588,0.0006801105143191,0.0034939484903588
biotx_reject_R008,"This study provides direct genetic evidence of OA degradation regulating mycoparasitism and antibiosis of Cm against Ss, and sheds light on the sophisticated strategies of Cm in interacting with metabolically active mycelia and dormant sclerotia of Ss.",Indalmus,['mycelia'],Sclerotia,['sclerotia'],interacts with,['interacting with'],"Entity1: Indalmus. Entity2: Sclerotia. Sentence: This study provides direct genetic evidence of OA degradation regulating mycoparasitism and antibiosis of Cm against Ss, and sheds light on the sophisticated strategies of Cm in interacting with metabolically active mycelia and dormant sclerotia of Ss.",0,0,0,0,1,0,24467446,ott:414790;ott:6253013;RO_0002434,biotx_rejected_2026-09,EG,2026-09-17,mycelia,sclerotia,interacting with,0.3434870541095733,0.960868000984192,0.6981899738311768,0.1599039435386657,0.2113538533449173,0.0564450398087501,0.942302405834198,0.9870163798332214,0.3117257952690124,0.4299471974372864,0.0940486565232276,0.0113258566707372,0.6675150096416473,0.7470148603121439,0.178440570210417,genus,genus,2,0.942302405834198,0.8517498970031738,0.9870163798332214,0.7701882719993591,0.3117257952690124,0.4704420566558838,0.7470148603121439,0.6974600752194723,0.7470148603121439
biotx_reject_R009,We examined aspects of both innate and adaptive immune response in adult female Brazilian free-tailed bats (Tadarida brasiliensis) at four maternity roosts (two natural caves and two human-made bridges) in south-central Texas.,Tadarida brasiliensis,['Tadarida brasiliensis'],Homo sapiens,['human'],co-roosts with,['roosts'],Entity1: Tadarida brasiliensis. Entity2: Homo sapiens. Sentence: We examined aspects of both innate and adaptive immune response in adult female Brazilian free-tailed bats (Tadarida brasiliensis) at four maternity roosts (two natural caves and two human-made bridges) in south-central Texas.,0,0,1,0,0,0,19002470,ott:238412;ott:770315;RO_0002801,biotx_rejected_2026-09,EG,2026-09-17,Tadarida brasiliensis,human,roosts,0.0194865241646766,0.025461183860898,0.020063929259777,0.0081987520679831,0.0664353892207145,0.0200040638446807,0.0014990610070526,0.016385393217206,0.0026994117069989,0.0015768943121656,0.0058913342654705,0.0019409556407481,0.0216705457617838,0.0068612886437525,0.0031363947394614,species,species,0,0.0014990610070526,0.0036498554982244,0.016385393217206,0.0741285383701324,0.0026994117069989,0.0075338091701269,0.0068612886437525,0.0284374010128279,0.0284374010128279
biotx_reject_R010,"infestation in palm trees and natural infection by Trypanosoma cruzi and Trypanosoma rangeli in periurban and rural areas of state of the Rondônia, in the Brazilian Amazon.",Trypanosoma rangeli,['Trypanosoma rangeli'],Trypanosoma cruzi,['Trypanosoma cruzi'],infested by,['infestation'],"Entity1: Trypanosoma rangeli. Entity2: Trypanosoma cruzi. Sentence: infestation in palm trees and natural infection by Trypanosoma cruzi and Trypanosoma rangeli in periurban and rural areas of state of the Rondônia, in the Brazilian Amazon.",0,0,1,1,1,0,34023303,ott:494254;ott:779555;RO_e000005,biotx_rejected_2026-09,EG,2026-09-17,Trypanosoma rangeli,Trypanosoma cruzi,infestation,0.0013204015558585,0.0012779250973835,0.0024909321218729,0.0010363754117861,0.0020191522780805,0.0016109846765175,0.0008459472446702,0.0014852285385131,0.0012122010812163,0.0025812967214733,0.0023241098970174,0.0034489724785089,0.0016964195917049,0.0011811256214665,0.0027847930323331,species,species,0,0.0008459472446702,0.0002939571277238,0.0014852285385131,0.0006450722576119,0.0012122010812163,0.0004490213177632,0.0011811256214665,0.0004626835676996,0.0011811256214665
biotx_reject_R011,"Viruses with icosahedral capsids, which form the largest class of all viruses and contain a number of important human pathogens, can be modelled via suitable icosahedrally invariant finite subsets of icosahedral 3D quasicrystals.",Viruses,"['viruses', 'Viruses']",Homo sapiens,['human'],pathogen of,['pathogens'],"Entity1: Viruses. Entity2: Homo sapiens. Sentence: Viruses with icosahedral capsids, which form the largest class of all viruses and contain a number of important human pathogens, can be modelled via suitable icosahedrally invariant finite subsets of icosahedral 3D quasicrystals.",1,1,1,1,1,0,21611828,ncbitaxon_viruses:10239;ott:770315;RO_0002556,biotx_rejected_2026-09,EG,2026-09-17,viruses; Viruses,human,pathogens,0.0082219708710908,0.0228912830352783,0.0086791068315505,0.0164939910173416,0.0165324546396732,0.0037470594979822,0.0348606333136558,0.0026001427322626,0.0021236510947346,0.0102774500846862,0.1112338975071907,0.0174015797674655,0.0132641202459732,0.0131948090468843,0.0463043091197808,UNRESOLVED,species,1,0.52171790599823,0.0213218070566654,0.0209180973470211,0.0083914287388324,0.0495736338198185,0.0050176614895462,0.1974032123883565,0.0115769657616813,0.1974032123883565
biotx_reject_R012,"A full-length cDNA encoding a secreted orthologue of the human cytokine, Macrophage Migration Inhibitory Factor (MIF) has been cloned from the hookworm Ancylostoma ceylanicum.",Ancylostoma ceylanicum,['Ancylostoma ceylanicum'],Homo sapiens,['human'],migrates with,['Migration'],"Entity1: Ancylostoma ceylanicum. Entity2: Homo sapiens. Sentence: A full-length cDNA encoding a secreted orthologue of the human cytokine, Macrophage Migration Inhibitory Factor (MIF) has been cloned from the hookworm Ancylostoma ceylanicum.",0,0,1,1,0,0,17567581,ott:459448;ott:770315;RO_e000046,biotx_rejected_2026-09,EG,2026-09-17,Ancylostoma ceylanicum,human,Migration,0.0003472184762358,0.000558681495022,0.0013862572377547,0.001247763633728,0.0022155484184622,0.0019742685835808,0.0002543682930991,0.0003754868812393,0.0003369870246388,0.0007694865344092,0.000899072852917,0.001139587839134,0.0007640524030041,0.0003222807329924,0.0009360490754867,species,species,0,0.0002543682930991,0.0002330747229279,0.0003754868812393,0.0003478440048638,0.0003369870246388,0.0003266948042437,0.0003222807329924,0.0003025378440118,0.0003222807329924
biotx_reject_R013,"METHODS Three dogs (7-, 7-, and 12.5-year-old mixed breeds) and two cats (10- and 14-year-old Domestic shorthair) presented with a 7-13 mm tumor affecting the eyelid and/or conjunctiva in the medial canthal region.",Canis lupus familiaris,['dogs'],Felis catus,['cats'],affecting,['affecting'],"Entity1: Canis lupus familiaris. Entity2: Felis catus. Sentence: METHODS Three dogs (7-, 7-, and 12.5-year-old mixed breeds) and two cats (10- and 14-year-old Domestic shorthair) presented with a 7-13 mm tumor affecting the eyelid and/or conjunctiva in the medial canthal region.",0,0,1,1,0,0,36872290,ott:247333;ott:563166;RO_e000055,biotx_rejected_2026-09,EG,2026-09-17,dogs,cats,affecting,0.0002789959253277,0.0005378558998927,0.0006475081318058,0.0006151082925498,0.0009958962909877,0.0007889528060331,0.0002686846419237,0.0004863907815888,0.0003736347716767,0.0006784406141377,0.000885174202267,0.0005945556331425,0.0004881199856754,0.0003762367317297,0.000719390149849,subspecies,species,0,0.0002686846419237,0.0002662462939042,0.0004863907815888,0.0004831365658901,0.0003736347716767,0.0006736873183399,0.0003762367317297,0.0004743567260447,0.0004743567260447
biotx_reject_R014,"Our results offer new insight into the relative frequency and distribution of camel crickets living in human homes, and emphasize the importance of the built environment as habitat for two little-known invading species of Orthoptera.",Ceuthophilus,['camel crickets'],Homo sapiens,['human'],invaded,['invading'],"Entity1: Ceuthophilus. Entity2: Homo sapiens. Sentence: Our results offer new insight into the relative frequency and distribution of camel crickets living in human homes, and emphasize the importance of the built environment as habitat for two little-known invading species of Orthoptera.",0,0,1,1,0,0,25210654,ott:188744;ott:770315;RO_e000045,biotx_rejected_2026-09,EG,2026-09-17,camel crickets,human,invading,0.0013609357411041,0.0028556459583342,0.0030902326107025,0.0024398246314376,0.0022267533931881,0.0036963124293833,0.0026123109273612,0.0028644716367125,0.0054086181335151,0.0013112543383613,0.0031426164787262,0.0016107070259749,0.0024356047700469,0.0036284668991962,0.0020215259476874,genus,species,1,0.0026123109273612,0.020167738199234,0.0028644716367125,0.0051038283854722,0.0054086181335151,0.0320656187832355,0.0036284668991963,0.0191123951226472,0.0191123951226472
biotx_reject_R015,The major pathogens causing HFMD were enterovirus 71 (EV71) and coxsackievirus A16 (CA16).,Coxsackievirus A16,['coxsackievirus A16'],Enterovirus A71,['enterovirus 71'],pathogen of,['pathogens'],Entity1: Coxsackievirus A16. Entity2: Enterovirus A71. Sentence: The major pathogens causing HFMD were enterovirus 71 (EV71) and coxsackievirus A16 (CA16).,0,0,1,1,0,0,23229012,ncbitaxon_viruses:31704;ncbitaxon_viruses:39054;RO_0002556,biotx_rejected_2026-09,EG,2026-09-17,coxsackievirus A16,enterovirus 71,pathogens,0.0007492267759516,0.0024572580587118,0.0015467567136511,0.0008371554431505,0.0013767646159976,0.001501927152276,0.0042656823061406,0.0252577289938926,0.0197061169892549,0.0009495843551121,0.0013821140164509,0.0017834114842116,0.0015844138494381,0.016409842763096,0.0013717032852582,UNRESOLVED,UNRESOLVED,2,0.0042656823061406,0.0003196445759385,0.0252577289938926,0.0006929860101081,0.0197061169892549,0.0003683323157019,0.016409842763096,0.0004603209672495,0.016409842763096
biotx_reject_R016,"Currently, six species and two genetic variants within Babesia genus have been confirmed as human pathogens.",Homo sapiens,['human'],Babesia,['Babesia'],pathogen of,['pathogens'],"Entity1: Homo sapiens. Entity2: Babesia. Sentence: Currently, six species and two genetic variants within Babesia genus have been confirmed as human pathogens.",1,1,1,1,1,0,35215205,ott:770315;ott:826546;RO_0002556,biotx_rejected_2026-09,EG,2026-09-17,human,Babesia,pathogens,0.2105808407068252,0.0886068418622016,0.4298114478588104,0.238069549202919,0.1738114058971405,0.3414905667304992,0.8848155736923218,0.8527781367301941,0.9568734169006348,0.9726012349128724,0.9228448271751404,0.9153753519058228,0.2429997101426123,0.8981557091077169,0.9369404713312784,species,genus,1,0.8848155736923218,0.9942314624786376,0.8527781367301941,0.99628484249115,0.9568734169006348,0.995365023612976,0.8981557091077169,0.9952937761942544,0.9952937761942544
biotx_reject_R017,"Real-time loop-mediated isothermal amplification (LAMP) assays for the detection of sporangia of the causal pathogen of late blight, Phytophthora infestans, and spores of the main causal pathogen of early blight, Alternaria solani, were developed to facilitate the in-field detection of airborne inoculum to improve disease forecasting.",Alternaria solani,['Alternaria solani'],Phytophthora infestans,['Phytophthora infestans'],pathogen of,['pathogen of'],"Entity1: Alternaria solani. Entity2: Phytophthora infestans. Sentence: Real-time loop-mediated isothermal amplification (LAMP) assays for the detection of sporangia of the causal pathogen of late blight, Phytophthora infestans, and spores of the main causal pathogen of early blight, Alternaria solani, were developed to facilitate the in-field detection of airborne inoculum to improve disease forecasting.",0,0,1,1,1,0,31657996,ott:49587;ott:775725;RO_0002556,biotx_rejected_2026-09,EG,2026-09-17,Alternaria solani,Phytophthora infestans,pathogen of,0.0118999909609556,0.0219748169183731,0.0114747453480958,0.0023481741081923,0.0016770340735092,0.0030464688315987,0.0118999909609556,0.0219748169183731,0.0114747453480958,0.0023481741081923,0.0016770340735092,0.0030464688315987,0.0151165177424748,0.0151165177424748,0.0023572256711,species,species,0,0.0118999909609556,0.0004754505935125,0.0219748169183731,0.0009785265428945,0.0114747453480958,0.0006694286712445,0.0151165177424748,0.0007078019358838,0.0151165177424748
biotx_reject_R018,"We sampled feathers from Kauwahaia (n = 18) and Lady Alice Island, New Zealand (n = 30), Lord Howe Island (n = 24) and Western Australia (n = 33) during the 2008 austral summer, making this the most complete assessment of metal and metalloid contamination of any shearwater.",×Australia,['Australia'],Alice,['Alice'],has contaminated,['contamination'],"Entity1: ×Australia. Entity2: Alice. Sentence: We sampled feathers from Kauwahaia (n = 18) and Lady Alice Island, New Zealand (n = 30), Lord Howe Island (n = 24) and Western Australia (n = 33) during the 2008 austral summer, making this the most complete assessment of metal and metalloid contamination of any shearwater.",0,0,0,0,0,0,20865254,ott:5322824;ott:6231112;RO_e000002,biotx_rejected_2026-09,EG,2026-09-17,Australia,Alice,contamination,0.000317390775308,0.0007494570454582,0.0003849904169328,0.0006570183904841,0.0008453347836621,0.0009609162225387,0.0003006366896443,0.0004316713893786,0.0003276011557318,0.0005498364917002,0.0006725960411131,0.0005031182663515,0.0004839460792329,0.0003533030782515,0.0005751835997216,genus,genus,2,0.0003006366896443,0.0002839667140506,0.0004316713893786,0.0004348097136244,0.0003276011557318,0.0003347815363667,0.0003533030782515,0.0003511859880139,0.0003533030782515
biotx_reject_R019,"CONCLUSIONS Healthy adults in Malawi exposed to higher levels of particulates have higher abundances of potentially pathogenic bacteria (Streptococcus, Neisseria) within their lung microbiome.",Streptococcus,['Streptococcus'],Neisseria,['Neisseria'],exposed to,['exposed to'],"Entity1: Streptococcus. Entity2: Neisseria. Sentence: CONCLUSIONS Healthy adults in Malawi exposed to higher levels of particulates have higher abundances of potentially pathogenic bacteria (Streptococcus, Neisseria) within their lung microbiome.",0,0,1,1,0,0,27514621,ott:175918;ott:611812;RO_e000044,biotx_rejected_2026-09,EG,2026-09-17,Streptococcus,Neisseria,exposed to,0.0002601092855911,0.0004501679213717,0.0003540643374435,0.0006875577964819,0.0005478493985719,0.0007252749055624,0.0002601092855911,0.0004501679213717,0.0003540643374435,0.0006875577964819,0.0005478493985719,0.0007252749055624,0.0003547805148021,0.0003547805148021,0.0006535607002053,genus,genus,2,0.0002601092855911,0.0002543517912272,0.0004501679213717,0.0006412864895537,0.0003540643374435,0.0006948415539227,0.0003547805148021,0.0005301599449012,0.0005301599449012
biotx_reject_R020,"Human and animals are exposed to heavy metals such as arsenic (As) and mercury (Hg) through atmospheric depositions, industrial effluents, chemical pesticides and fertilizers, erosion of geological beds, and mining wastes which can result in the contamination of food chains.",Eragrostis,['erosion'],Homo sapiens,['Human'],exposed to,['exposed to'],"Entity1: Eragrostis. Entity2: Homo sapiens. Sentence: Human and animals are exposed to heavy metals such as arsenic (As) and mercury (Hg) through atmospheric depositions, industrial effluents, chemical pesticides and fertilizers, erosion of geological beds, and mining wastes which can result in the contamination of food chains.",0,0,0,1,0,0,31302893,ott:587232;ott:770315;RO_e000044,biotx_rejected_2026-09,EG,2026-09-17,erosion,Human,exposed to,0.0002762310905382,0.0005188959185034,0.0004480385396163,0.0009190596756525,0.0007915259338915,0.0009002416627481,0.0003091749676968,0.0007518656784668,0.000497683591675,0.0007251801434904,0.0011867405846714,0.000816595274955,0.0004143885162193,0.0005195747459462,0.0009095053343722,genus,species,1,0.0003091749676968,0.0003285842831246,0.0007518656784668,0.0007642701966688,0.000497683591675,0.0004092862654943,0.0005195747459462,0.0005007135817625,0.0005195747459462
biotx_reject_R021,Overexpression of CaMYB78 transcription factor enhances resistance response in chickpea against Fusarium oxysporum and negatively regulates anthocyanin biosynthetic pathway.,Fusarium oxysporum,['Fusarium oxysporum'],Cicer arietinum,['chickpea'],negatively regulates,['negatively regulates'],Entity1: Fusarium oxysporum. Entity2: Cicer arietinum. Sentence: Overexpression of CaMYB78 transcription factor enhances resistance response in chickpea against Fusarium oxysporum and negatively regulates anthocyanin biosynthetic pathway.,0,0,1,1,0,0,35947211,ott:404217;ott:612429;RO_0002212,biotx_rejected_2026-09,EG,2026-09-17,Fusarium oxysporum,chickpea,negatively regulates,0.0004297267878428,0.0007378172595053,0.0004924366949126,0.0007489020354114,0.0009455605759285,0.0009678920614533,0.0003293890913482,0.0005507013993337,0.0004007407696917,0.0006917210994288,0.0007949144346639,0.0008363022934645,0.0005533269140869,0.0004269437534578,0.0007743126091857,species,species,0,0.0003293890913482,0.0002688560343813,0.0005507013993337,0.0004456457681953,0.0004007407696917,0.0004097252676729,0.0004269437534579,0.0003747423567498,0.0004269437534579
biotx_reject_R022,"Venoms of solitary wasps are utilized for prey capture (insects and spiders), paralyzing them with a stinger injection to be offered as food for their larvae.",Vespidae,['wasps'],Araneae,['spiders'],preyed upon by,['prey'],"Entity1: Vespidae. Entity2: Araneae. Sentence: Venoms of solitary wasps are utilized for prey capture (insects and spiders), paralyzing them with a stinger injection to be offered as food for their larvae.",1,0,1,1,1,0,34941722,ott:130014;ott:614523;RO_0002458,biotx_rejected_2026-09,EG,2026-09-17,wasps,spiders,prey,0.0021223661024123,0.0202824492007493,0.0040341750718653,0.0035343375056982,0.0076611749827861,0.002496438100934,0.975580632686615,0.9798514246940612,0.9756306409835817,0.7841278910636902,0.948944330215454,0.8999713063240051,0.0088129967916756,0.9770208994547526,0.8776811758677164,family,order,2,0.975580632686615,0.6264820098876953,0.9798514246940612,0.8658151626586914,0.9756306409835817,0.8802598714828491,0.9770208994547526,0.7908523480097452,0.9770208994547526
biotx_reject_R023,"A mayfly, Ephemerella grandis, and a stonefly, Pteronarcys californica, were exposed to lead, zinc, copper, and silver to determine the acute metal toxicities.",Drunella grandis,['Ephemerella grandis'],Pteronarcys californica,['Pteronarcys californica'],exposed to,['exposed to'],"Entity1: Drunella grandis. Entity2: Pteronarcys californica. Sentence: A mayfly, Ephemerella grandis, and a stonefly, Pteronarcys californica, were exposed to lead, zinc, copper, and silver to determine the acute metal toxicities.",0,0,1,1,0,0,1252629,ott:287050;ott:684319;RO_e000044,biotx_rejected_2026-09,EG,2026-09-17,Ephemerella grandis,Pteronarcys californica,exposed to,0.0002773024316411,0.0006035229307599,0.0003771842457354,0.0005938807735219,0.0006896306294947,0.0006911688833497,0.0002810696023516,0.0006620279164053,0.0003710525634232,0.0006032681558281,0.0006712314789183,0.0006874900427646,0.0004193365360454,0.0004380500273933,0.0006539965591703,species,species,0,0.0002810696023516,0.0004950614529661,0.0006620279164053,0.0005068259779363,0.0003710525634232,0.000951453577727,0.0004380500273934,0.0006511136695432,0.0006511136695432
biotx_reject_R024,"For the elimination of infectious causes, microbial investigation with stool specimens should be performed for common enteric pathogens including assays for Clostridium difficile toxin, and sometimes for amoeba or other parasites.",Clostridioides difficile,['Clostridium difficile'],Amoeba,['amoeba'],pathogen of,['pathogens'],"Entity1: Clostridioides difficile. Entity2: Amoeba. Sentence: For the elimination of infectious causes, microbial investigation with stool specimens should be performed for common enteric pathogens including assays for Clostridium difficile toxin, and sometimes for amoeba or other parasites.",0,0,1,1,0,0,19835217,ott:5256524;ott:68588;RO_0002556,biotx_rejected_2026-09,EG,2026-09-17,Clostridium difficile,amoeba,pathogens,0.0003176505269948,0.000738525239285,0.0011504620779305,0.0010185100836679,0.0009957103757187,0.0009696827037259,0.0003318223170936,0.0006564916111528,0.0004478404298424,0.0010828298982232,0.0008290320984087,0.0007014998118393,0.0007355459480701,0.0004787181193629,0.0008711206028237,species,genus,1,0.0003318223170936,0.0010267846519127,0.0006564916111528,0.0021258054766803,0.0004478404298424,0.0019127029227092,0.0004787181193629,0.0016884310171008,0.0016884310171008
biotx_reject_R025,Discordance in the effects of Yersinia pestis on the dendritic cell functions manifested by induction of maturation and paralysis of migration.,Paralysis,['paralysis'],Yersinia pestis,['Yersinia pestis'],migrates with,['migration'],Entity1: Paralysis. Entity2: Yersinia pestis. Sentence: Discordance in the effects of Yersinia pestis on the dendritic cell functions manifested by induction of maturation and paralysis of migration.,0,0,0,1,0,0,16923789,ott:5326911;ott:857207;RO_e000046,biotx_rejected_2026-09,EG,2026-09-17,paralysis,Yersinia pestis,migration,0.0002669078239705,0.0005122193251736,0.0003780661791097,0.0005893511697649,0.0006181272910907,0.0007689796038903,0.0251435134559869,0.0111919064074754,0.039768997579813,0.0162251740694046,0.0020135648082941,0.0031688364688307,0.0003857311094179,0.0253681391477584,0.0071358584488431,genus,species,1,0.0251435134559869,0.0084497407078742,0.0111919064074754,0.002983471378684,0.039768997579813,0.0058933370746672,0.0253681391477584,0.0057755163870751,0.0253681391477584
biotx_reject_R026,"The Prospero transcription factor promotes neural differentiation in Drosophila, and its activity is tightly regulated by modulating its subcellular localization.",Prospero,['Prospero'],Drosophila,['Drosophila'],regulated by,['regulated by'],"Entity1: Prospero. Entity2: Drosophila. Sentence: The Prospero transcription factor promotes neural differentiation in Drosophila, and its activity is tightly regulated by modulating its subcellular localization.",0,0,0,1,0,0,12429095,ott:137917;ott:34907;RO_0002334,biotx_rejected_2026-09,EG,2026-09-17,Prospero,Drosophila,regulated by,0.0002645723579917,0.0003808341862168,0.0003692536265589,0.0008246565121226,0.0008315765298902,0.0007977560162544,0.0002645723579917,0.0003808341862168,0.0003692536265589,0.0008246565121226,0.0008315765298902,0.0007977560162544,0.0003382200569224,0.0003382200569224,0.0008179963527557,genus,genus,2,0.0002645723579917,0.000256134342635,0.0003808341862168,0.000622647581622,0.0003692536265589,0.000945828971453,0.0003382200569224,0.0006082036319033,0.0006082036319033
biotx_reject_R027,"European sea bass has been and is still the most affected species, and VNN in gilthead sea bream has become an emerging problem in recent years affecting larvae and juveniles and associated to the presence of new nervous necrosis virus (NNV) reassortants.",Betanodavirus sp.,['nervous necrosis virus'],Dicentrarchus labrax,['European sea bass'],affecting,['affecting'],"Entity1: Betanodavirus sp.. Entity2: Dicentrarchus labrax. Sentence: European sea bass has been and is still the most affected species, and VNN in gilthead sea bream has become an emerging problem in recent years affecting larvae and juveniles and associated to the presence of new nervous necrosis virus (NNV) reassortants.",0,0,1,1,0,0,35335654,ncbitaxon_viruses:1906674;ott:3549;RO_e000055,biotx_rejected_2026-09,EG,2026-09-17,nervous necrosis virus,European sea bass,affecting,0.0457078590989112,0.0297938808798789,0.0041681518778204,0.017267245799303,0.0459168218076229,0.0250085331499576,0.9659526348114014,0.9930496215820312,0.9594472050666808,0.8542401790618896,0.9495956301689148,0.796386182308197,0.0265566306188701,0.9728164871533712,0.8667406638463339,UNRESOLVED,species,1,0.9659526348114014,0.0055666482076048,0.9930496215820312,0.0164254959672689,0.9594472050666808,0.0034333791118115,0.9728164871533712,0.0084751744288951,0.9728164871533712
biotx_reject_R028,"Our analysis demonstrated the need for: (a) inclusion of higher number of potential host species in the case of viruses, (b) research of bacterial effects in tissues other than haemolymph, and (c) more research into potential fungal and fungal-like pathogens other than Aphanomyces astaci.",Viruses,['viruses'],Aphanomyces astaci,['Aphanomyces astaci'],pathogen of,['pathogens'],"Entity1: Viruses. Entity2: Aphanomyces astaci. Sentence: Our analysis demonstrated the need for: (a) inclusion of higher number of potential host species in the case of viruses, (b) research of bacterial effects in tissues other than haemolymph, and (c) more research into potential fungal and fungal-like pathogens other than Aphanomyces astaci.",0,0,1,1,0,0,33345337,ncbitaxon_viruses:10239;ott:1008855;RO_0002556,biotx_rejected_2026-09,EG,2026-09-17,viruses,Aphanomyces astaci,pathogens,0.0006017111591063,0.0010167990112677,0.0023599660489708,0.0020291050896048,0.0013005218934267,0.002114862203598,0.0004822772752959,0.0008779160561971,0.0016462472267448,0.0011716298758983,0.001066721859388,0.0016840397147461,0.0013261587397816,0.0010021468527459,0.0013074638166774,UNRESOLVED,species,1,0.0004822772752959,0.0632406324148178,0.0008779160561971,0.0877438560128212,0.0016462472267448,0.2475640326738357,0.0010021468527459,0.1328495070338249,0.1328495070338249
biotx_reject_R029,"Genetic and structural analysis of the hlyT locus mapped it at co-ordinate 3680 kbp (minute 87) on the chromosome adjacent to the fadBA operon, and identified it specifically as the rfaH (sfrB) locus which is required for transcription of the genes encoding synthesis of the sex pilus and also the lipopolysaccharide core for attachment of the O-antigen of E. coli and Salmonella.",Pilus,['pilus'],Salmonella,['Salmonella'],adjacent to,['adjacent to'],"Entity1: Pilus. Entity2: Salmonella. Sentence: Genetic and structural analysis of the hlyT locus mapped it at co-ordinate 3680 kbp (minute 87) on the chromosome adjacent to the fadBA operon, and identified it specifically as the rfaH (sfrB) locus which is required for transcription of the genes encoding synthesis of the sex pilus and also the lipopolysaccharide core for attachment of the O-antigen of E. coli and Salmonella.",0,0,0,1,0,0,1584020,ott:2886402;ott:3308;RO_e000027,biotx_rejected_2026-09,EG,2026-09-17,pilus,Salmonella,adjacent to,0.0002227584773208,0.000402950507123,0.0003432762459851,0.0005993379163555,0.0007188054732978,0.0006165621452964,0.0002227584773208,0.000402950507123,0.0003432762459851,0.0005993379163555,0.0007188054732978,0.0006165621452964,0.0003229950768096,0.0003229950768096,0.0006449018449832,genus,genus,2,0.0002227584773208,0.000209212565096,0.000402950507123,0.0005134340608492,0.0003432762459851,0.0003846320032607,0.0003229950768096,0.000369092876402,0.000369092876402
biotx_reject_R030,"The results strengthen with quantitative data the inferences of the bush dog as a pack-hunting predator with prey size similar to its own, such as large rodents and armadillos, being specialised in subduing and killing its prey using multiple bites.",Dasypodidae,['armadillos'],Speothos venaticus,['bush dog'],preys on,['predator'],"Entity1: Dasypodidae. Entity2: Speothos venaticus. Sentence: The results strengthen with quantitative data the inferences of the bush dog as a pack-hunting predator with prey size similar to its own, such as large rodents and armadillos, being specialised in subduing and killing its prey using multiple bites.",1,1,1,1,1,0,36485003,ott:273244;ott:684074;RO_0002439,biotx_rejected_2026-09,EG,2026-09-17,armadillos,bush dog,predator,0.0359923355281353,0.2075838446617126,0.0695457234978675,0.0037949620746076,0.0138122029602527,0.0160794705152511,0.6921572685241699,0.942936897277832,0.7511400580406189,0.6634429097175598,0.323233962059021,0.2701680958271026,0.1043739678959051,0.7954114079475403,0.4189483225345611,family,species,1,0.6921572685241699,0.9858565330505372,0.942936897277832,0.9979323148727416,0.7511400580406189,0.9945490956306458,0.7954114079475403,0.9927793145179749,0.9927793145179749
biotx_reject_R031,"Interactive effect of Enterobacter sp. MN17 and biochar was studied on the growth, physiology and antioxidant defense system of Brassica napus under Cd contaminated soil.",Brassica napus,['Brassica napus'],Enterobacter sp. MN17,['Enterobacter sp. MN17'],contaminated by,['contaminated'],"Entity1: Brassica napus. Entity2: Enterobacter sp. MN17. Sentence: Interactive effect of Enterobacter sp. MN17 and biochar was studied on the growth, physiology and antioxidant defense system of Brassica napus under Cd contaminated soil.",0,0,1,1,0,0,32275244,ott:309234;ott:5906536;RO_e000001,biotx_rejected_2026-09,EG,2026-09-17,Brassica napus,Enterobacter sp. MN17,contaminated,0.0045061549171805,0.0138314021751284,0.015974473208189,0.004709196742624,0.0039392611943185,0.0026609150227159,0.0022487244568765,0.009277063421905,0.0049539408646523,0.0020272231195122,0.0027521110605448,0.0014233955880627,0.0114373434334993,0.0054932429144779,0.0020675765893732,species,species,0,0.0022487244568765,0.0010788050713017,0.009277063421905,0.0013437706511467,0.0049539408646523,0.0016770476941019,0.0054932429144779,0.0013665411388501,0.0054932429144779
biotx_reject_R032,"Spike protein is the outermost structural protein of the SARS-CoV-2 virus which interacts with the Angiotensin Converting Enzyme 2 (ACE2), a human receptor, and enters the respiratory system.",Severe acute respiratory syndrome coronavirus 2,['SARS-CoV-2'],Homo sapiens,['human'],interacts with,['interacts with'],"Entity1: Severe acute respiratory syndrome coronavirus 2. Entity2: Homo sapiens. Sentence: Spike protein is the outermost structural protein of the SARS-CoV-2 virus which interacts with the Angiotensin Converting Enzyme 2 (ACE2), a human receptor, and enters the respiratory system.",1,1,1,1,1,0,33195427,ncbitaxon_viruses:2697049;ott:770315;RO_0002434,biotx_rejected_2026-09,EG,2026-09-17,SARS-CoV-2,human,interacts with,0.0002489489561412,0.0004108567954972,0.0003585432714316,0.0009253245079889,0.0009480163571424,0.0007776938728056,0.0002704093058127,0.0005395847838371,0.000483251933474,0.0134853040799498,0.0038127622101455,0.0047461614012718,0.0003394496743566,0.0004310820077079,0.0073480758971223,UNRESOLVED,species,1,0.0002704093058127,0.0004069094429723,0.0005395847838371,0.0005295528681017,0.000483251933474,0.0005144500173628,0.000431082007708,0.0004836374428123,0.0004836374428123
biotx_reject_R033,Purified nano-MgO applied in vitro against multi-drug resistant human pathogens and the large inhibition zone recorded against Shigella flexneri (108 ± 10.53 mm).,Shigella flexneri,['Shigella flexneri'],Homo sapiens,['human'],pathogen of,['pathogens'],Entity1: Shigella flexneri. Entity2: Homo sapiens. Sentence: Purified nano-MgO applied in vitro against multi-drug resistant human pathogens and the large inhibition zone recorded against Shigella flexneri (108 ± 10.53 mm).,1,1,1,1,1,0,29491452,ott:332280;ott:770315;RO_0002556,biotx_rejected_2026-09,EG,2026-09-17,Shigella flexneri,human,pathogens,0.0526774004101753,0.0670768097043037,0.0402185656130313,0.0098140705376863,0.0746336206793785,0.0187020543962717,0.1548252701759338,0.0355908721685409,0.129683032631874,0.0207115039229393,0.4307225048542022,0.0229607298970222,0.0533242585758367,0.1066997249921162,0.1581315795580545,species,species,0,0.1548252701759338,0.0006972588598728,0.0355908721685409,0.0006778839160688,0.129683032631874,0.0033541957382112,0.1066997249921162,0.0015764461713843,0.1066997249921162
biotx_reject_R034,SMLS (Sitobion miscanthi L type symbiont) is a newly reported aphid secondary symbiont.,Sitobion miscanthi,['Sitobion miscanthi'],Aphid,['aphid'],symbiotically interacts with,['symbiont'],Entity1: Sitobion miscanthi. Entity2: Aphid. Sentence: SMLS (Sitobion miscanthi L type symbiont) is a newly reported aphid secondary symbiont.,0,0,0,1,1,0,21789197,ott:1004335;ott:3449684;RO_0002440,biotx_rejected_2026-09,EG,2026-09-17,Sitobion miscanthi,aphid,symbiont,0.9757591485977172,0.9970462918281556,0.996715784072876,0.9950542449951172,0.9946459531784058,0.995029628276825,0.9967319965362548,0.9985254406929016,0.9979023933410645,0.9971340894699096,0.9967413544654846,0.9962708950042723,0.9898404081662496,0.997719943523407,0.9967154463132224,species,genus,1,0.9967319965362548,0.9896926283836364,0.9985254406929016,0.9971328973770142,0.9979023933410645,0.9940318465232848,0.997719943523407,0.9936191240946451,0.997719943523407
biotx_reject_R035,The recent invasion of Callinectes sapidus in the Lesina Lagoon has raised great concern about its potential impacts on the ecosystem and on local fisheries.,Callinectes sapidus,['Callinectes sapidus'],Lesina,['Lesina'],invaded,['invasion'],Entity1: Callinectes sapidus. Entity2: Lesina. Sentence: The recent invasion of Callinectes sapidus in the Lesina Lagoon has raised great concern about its potential impacts on the ecosystem and on local fisheries.,0,0,1,0,0,0,36867967,ott:182906;ott:3489342;RO_e000045,biotx_rejected_2026-09,EG,2026-09-17,Callinectes sapidus,Lesina,invasion,0.9906710386276244,0.9921769499778748,0.9528177976608276,0.953218400478363,0.9825166463851928,0.8539803624153137,0.982021689414978,0.9861780405044556,0.9588578343391418,0.9737435579299928,0.9642896056175232,0.58309006690979,0.9785552620887756,0.9756858547528584,0.8403744101524353,species,genus,1,0.982021689414978,0.97970712184906,0.9861780405044556,0.9336175918579102,0.9588578343391418,0.9542996883392334,0.9756858547528584,0.955874800682068,0.9756858547528584
biotx_reject_R036,"In order to assess the performance of the method, we show results for both synthetic and observed data collected in an acarine predator-prey system, namely the pest mite Tetranychus urticae and the predatory mite Phytoseiulus persimilis.",Tetranychus urticae,['Tetranychus urticae'],Phytoseiulus persimilis,['Phytoseiulus persimilis'],preyed upon by,['prey'],"Entity1: Tetranychus urticae. Entity2: Phytoseiulus persimilis. Sentence: In order to assess the performance of the method, we show results for both synthetic and observed data collected in an acarine predator-prey system, namely the pest mite Tetranychus urticae and the predatory mite Phytoseiulus persimilis.",1,1,1,1,1,0,24506552,ott:106112;ott:920920;RO_0002458,biotx_rejected_2026-09,EG,2026-09-17,Tetranychus urticae,Phytoseiulus persimilis,prey,0.8047418594360352,0.7871416807174683,0.7876330614089966,0.374009221792221,0.0324785895645618,0.049507550895214,0.8521610498428345,0.7236438393592834,0.700291097164154,0.1715187579393386,0.0207040961831808,0.0453207157552242,0.7931722005208334,0.7586986621220907,0.0791811899592478,species,species,0,0.8521610498428345,0.8917638659477234,0.7236438393592834,0.9647117853164672,0.700291097164154,0.9051790833473206,0.7586986621220907,0.920551578203837,0.920551578203837
biotx_reject_R037,"This study sought to examine the occurrence of bacterial contamination on mobile phones utilized by healthcare workers (HCWs) in intensive care units (ICUs), pediatric intensive care units (PICUs), neonatal intensive care units (NICUs), and cardiac care units (CCUs) within a central hospital (CH) and two peripheral hospitals (PHs) situated in the southwestern province of Saudi Arabia.",Picus,['PICUs'],Icus,['ICUs'],has contaminated,['contamination'],"Entity1: Picus. Entity2: Icus. Sentence: This study sought to examine the occurrence of bacterial contamination on mobile phones utilized by healthcare workers (HCWs) in intensive care units (ICUs), pediatric intensive care units (PICUs), neonatal intensive care units (NICUs), and cardiac care units (CCUs) within a central hospital (CH) and two peripheral hospitals (PHs) situated in the southwestern province of Saudi Arabia.",0,0,0,0,0,0,37630546,ott:1010556;ott:4193243;RO_e000002,biotx_rejected_2026-09,EG,2026-09-17,PICUs,ICUs,contamination,0.000255154503975,0.0005221685278229,0.0003538386081345,0.0005482351989485,0.0005896773654967,0.00069982977584,0.0002677800657693,0.0004646083689294,0.0004213726206216,0.0005715261795558,0.0006563309580087,0.0006605515955016,0.0003770538799774,0.0003845870184401,0.0006294695776887,genus,genus,2,0.0002677800657693,0.0002675238647498,0.0004646083689294,0.0005237252335064,0.0004213726206216,0.0003708183066919,0.0003845870184401,0.0003873558016493,0.0003873558016493
biotx_reject_R038,"The avian embryo model of metastasis is a powerful platform to study many of the critical steps in the metastatic cascade including the migration, extravasation, and invasion of human cancer cells in vivo (Sung et al., Nat Commun 6:7164, 2015; Leong et al., Cell Rep 8, 1558-1570, 2014; Kain et al., Dev Dyn 243:216-28, 2014; Leong et al., Nat Protoc 5:1406-17, 2010; Zijlstra et al., Cancer Cell 13:221-234, 2008; Palmer et al., J Vis Exp 51:2815, 2011).",Homo sapiens,['human'],Aves,['avian'],invaded,['invasion'],"Entity1: Homo sapiens. Entity2: Aves. Sentence: The avian embryo model of metastasis is a powerful platform to study many of the critical steps in the metastatic cascade including the migration, extravasation, and invasion of human cancer cells in vivo (Sung et al., Nat Commun 6:7164, 2015; Leong et al., Cell Rep 8, 1558-1570, 2014; Kain et al., Dev Dyn 243:216-28, 2014; Leong et al., Nat Protoc 5:1406-17, 2010; Zijlstra et al., Cancer Cell 13:221-234, 2008; Palmer et al., J Vis Exp 51:2815, 2011).",0,0,0,0,0,0,27581012,ott:770315;ott:81461;RO_e000045,biotx_rejected_2026-09,EG,2026-09-17,human,avian,invasion,0.0002749289560597,0.0004030377604067,0.0003590954001992,0.0006639756611548,0.0008667809306643,0.0007024967344477,0.0002479153044987,0.0003726891882251,0.0003552967973519,0.0006310509634204,0.0009111614781431,0.0006778910174034,0.0003456873722218,0.0003253004300252,0.0007400344863223,species,class,1,0.0002479153044987,0.0002255397557746,0.0003726891882251,0.0003763742570299,0.0003552967973519,0.0003808498149737,0.0003253004300252,0.0003275879425927,0.0003275879425927
biotx_reject_R039,"Mycobacterium tuberculosis-infected human monocytes down-regulate microglial MMP-2 secretion in CNS tuberculosis via TNFα, NFκB, p38 and caspase 8 dependent pathways.",Mycobacterium tuberculosis,['Mycobacterium tuberculosis'],Homo sapiens,['human'],regulates,['regulate'],"Entity1: Mycobacterium tuberculosis. Entity2: Homo sapiens. Sentence: Mycobacterium tuberculosis-infected human monocytes down-regulate microglial MMP-2 secretion in CNS tuberculosis via TNFα, NFκB, p38 and caspase 8 dependent pathways.",0,1,1,1,0,0,21569377,ott:604112;ott:770315;RO_0002211,biotx_rejected_2026-09,EG,2026-09-17,Mycobacterium tuberculosis,human,regulate,0.0002710830012802,0.0005932669155299,0.0003572770801838,0.0007055712630972,0.0007955802138894,0.0006307685980573,0.0002736903552431,0.0004225032171234,0.0003138300380669,0.0007869760738685,0.000872183474712,0.0006747510051354,0.0004072089989979,0.0003366745368111,0.0007779701845719,species,species,0,0.0002736903552431,0.0002555618702899,0.0004225032171234,0.0003756480291485,0.0003138300380669,0.0003144370566587,0.0003366745368111,0.0003152156520324,0.0003366745368111
biotx_reject_R040,AIM To establish the transgenic cell strains expressing recombinant adenovirus vector of human Oncostain M(hOSM)gene which is supposed to be used as feeder layer cells for the proliferation of umbilical cord blood CD34(+) hematopoietic stem/progenitor cell (HSPC) and compare its migration capacity before and after amplification in vitro.,unidentified adenovirus,['adenovirus'],Homo sapiens,['human'],migrates with,['migration'],Entity1: unidentified adenovirus. Entity2: Homo sapiens. Sentence: AIM To establish the transgenic cell strains expressing recombinant adenovirus vector of human Oncostain M(hOSM)gene which is supposed to be used as feeder layer cells for the proliferation of umbilical cord blood CD34(+) hematopoietic stem/progenitor cell (HSPC) and compare its migration capacity before and after amplification in vitro.,0,0,1,1,0,0,21419046,ncbitaxon_viruses:10535;ott:770315;RO_e000046,biotx_rejected_2026-09,EG,2026-09-17,adenovirus,human,migration,0.0002477177476976,0.0005249162204563,0.0003714954073075,0.0006205944227986,0.0007318358984775,0.0009973248234018,0.0002654622949194,0.0004877023166045,0.0003279430093243,0.0006071094539947,0.0006758547970093,0.0008874848135747,0.0003813764584871,0.0003603692069494,0.0007234830215262,UNRESOLVED,species,1,0.0002654622949194,0.0002915281511377,0.0004877023166045,0.0004589411255437,0.0003279430093243,0.0003570497501641,0.0003603692069494,0.0003691730089485,0.0003691730089485
biotx_reject_R041,An acute toxicity study was performed in 10 dogs and 10 cats exposed to the product orally (po) and dermally at differing doses.,Canis lupus familiaris,['dogs'],Felis catus,['cats'],exposed to,['exposed to'],Entity1: Canis lupus familiaris. Entity2: Felis catus. Sentence: An acute toxicity study was performed in 10 dogs and 10 cats exposed to the product orally (po) and dermally at differing doses.,0,0,1,1,0,0,2017861,ott:247333;ott:563166;RO_e000044,biotx_rejected_2026-09,EG,2026-09-17,dogs,cats,exposed to,0.0002687176747713,0.0004396896983962,0.0004185703583061,0.0006318405503407,0.0007160317618399,0.0006754461792297,0.0002849778393283,0.0005029797321185,0.0003388196928426,0.0006370248738676,0.0007645673467777,0.0005929356557317,0.0003756592438245,0.0003755924214298,0.0006648426254589,subspecies,species,0,0.0002849778393283,0.0003320653631817,0.0005029797321185,0.0005512622301466,0.0003388196928426,0.0005699315224774,0.0003755924214298,0.0004844197052686,0.0004844197052686
biotx_reject_R042,"Brazil is one of the countries most affected by this disease, and it has been described in humans and dogs in every region in the country.",Canis lupus familiaris,['dogs'],Homo,['humans'],affected by,['affected by'],"Entity1: Canis lupus familiaris. Entity2: Homo. Sentence: Brazil is one of the countries most affected by this disease, and it has been described in humans and dogs in every region in the country.",0,0,1,1,0,0,37311132,ott:247333;ott:770309;RO_e000056,biotx_rejected_2026-09,EG,2026-09-17,dogs,humans,affected by,0.0024212973657995,0.0016542689409106,0.0037594619207084,0.0014320632908493,0.003990754019469,0.0010881086345762,0.0005165668553672,0.0008795365574769,0.0018346275901421,0.001395494909957,0.0017954047070816,0.0011240515159443,0.0026116760758061,0.0010769103343287,0.0014383170443276,subspecies,genus,1,0.0005165668553672,0.0003586678649298,0.0008795365574769,0.0004952063900418,0.0018346275901421,0.0011829941067844,0.0010769103343288,0.0006789561205854,0.0010769103343288
biotx_reject_R043,Xanthomonas citri subsp. citri and Xanthomonas arboricola pv. pruni: Comparative analysis of two pathogens producing similar symptoms in different host plants.,Xanthomonas citri pv. citri,['Xanthomonas citri subsp. citri'],Xanthomonas arboricola pv. pruni,['Xanthomonas arboricola pv. pruni'],pathogen of,['pathogens'],Entity1: Xanthomonas citri pv. citri. Entity2: Xanthomonas arboricola pv. pruni. Sentence: Xanthomonas citri subsp. citri and Xanthomonas arboricola pv. pruni: Comparative analysis of two pathogens producing similar symptoms in different host plants.,0,0,1,1,1,0,31318915,ott:117683;ott:490622;RO_0002556,biotx_rejected_2026-09,EG,2026-09-17,Xanthomonas citri subsp. citri,Xanthomonas arboricola pv. pruni,pathogens,0.0009152953862212,0.0018598469905555,0.0015284874243661,0.0007073236629366,0.0011478191008791,0.0014967460883781,0.0046076732687652,0.0062642539851367,0.0079918568953871,0.0039327093400061,0.0084710689261555,0.0023658436257392,0.0014345432670476,0.006287928049763,0.0049232072973002,no rank,no rank,2,0.0046076732687652,0.1749484688043594,0.0062642539851367,0.0473621375858783,0.0079918568953871,0.388530820608139,0.006287928049763,0.2036138089994589,0.2036138089994589
biotx_reject_R044,"The original idea of a basically linear food chain from diatoms to copepods to fish has given way to an extremely complex model of trophic interactions within a microbial food web, which supports metazoan food webs via biomass production of both heterotrophic and autotrophic cells.",Copepoda,['copepods'],Bacillariophyta,['diatoms'],trophically interacts with,['trophic'],"Entity1: Copepoda. Entity2: Bacillariophyta. Sentence: The original idea of a basically linear food chain from diatoms to copepods to fish has given way to an extremely complex model of trophic interactions within a microbial food web, which supports metazoan food webs via biomass production of both heterotrophic and autotrophic cells.",1,1,1,1,1,0,21232423,ott:461528;ott:5342311;RO_0002438,biotx_rejected_2026-09,EG,2026-09-17,copepods,diatoms,trophic,0.0118924528360366,0.0103258024901151,0.0276256166398525,0.027395961806178,0.02553641051054,0.0024578645825386,0.3330764174461365,0.298245757818222,0.554732620716095,0.1862583011388778,0.6637870669364929,0.6533660292625427,0.016614623988668,0.3953515986601512,0.5011371324459711,subclass,phylum,2,0.3330764174461365,0.1332188844680786,0.298245757818222,0.273954302072525,0.554732620716095,0.2612506151199341,0.3953515986601512,0.2228079338868459,0.3953515986601512
biotx_reject_R045,"The percentage of non-repaired X-ray-induced DNA damage (residual damage, RD) overall in both seasons was significantly higher in lymphocytes of policemen exposed to c-PAHs than in matched controls (RD(T-DNA), %DNA in the comet tail: winter 36.4+/-22.1 versus 22.7+/-10.8, p < 0.001; summer 47.7+/-22.9 versus 34.7+/-15.2, p < 0.001).",Coeliadinae,['policemen'],Calloplesiops altivelis,['comet'],exposed to,['exposed to'],"Entity1: Coeliadinae. Entity2: Calloplesiops altivelis. Sentence: The percentage of non-repaired X-ray-induced DNA damage (residual damage, RD) overall in both seasons was significantly higher in lymphocytes of policemen exposed to c-PAHs than in matched controls (RD(T-DNA), %DNA in the comet tail: winter 36.4+/-22.1 versus 22.7+/-10.8, p < 0.001; summer 47.7+/-22.9 versus 34.7+/-15.2, p < 0.001).",0,0,0,0,0,0,16311068,ott:252987;ott:774815;RO_e000044,biotx_rejected_2026-09,EG,2026-09-17,policemen,comet,exposed to,0.0002367880515521,0.0005956539534963,0.000415777467424,0.0007583159022033,0.0012524083722382,0.0012280207592993,0.0004241533169988,0.0009396094828844,0.0004870161646977,0.0008890535100363,0.003222867147997,0.0006288841250352,0.0004160731574907,0.0006169263215269,0.0015802682610228,subfamily,species,1,0.0004241533169988,0.0002789246500469,0.0009396094828844,0.0004769305232912,0.0004870161646977,0.0003396895772311,0.0006169263215269,0.0003651815835231,0.0006169263215269
biotx_reject_R046,"Human immunodeficiency virus 1 (HIV-1) and Hepatitis C virus (HCV) affect 60 and 170 million infected individuals worldwide, respectively, and co-infection by both pathogens is often observed.",Human immunodeficiency virus 1,['Human immunodeficiency virus 1 (HIV-1'],Hepacivirus hominis,['Hepatitis C virus (HCV'],pathogen of,['pathogens'],"Entity1: Human immunodeficiency virus 1. Entity2: Hepacivirus hominis. Sentence: Human immunodeficiency virus 1 (HIV-1) and Hepatitis C virus (HCV) affect 60 and 170 million infected individuals worldwide, respectively, and co-infection by both pathogens is often observed.",0,1,1,1,1,0,22005058,ncbitaxon_viruses:11676;ncbitaxon_viruses:3052230;RO_0002556,biotx_rejected_2026-09,EG,2026-09-17,Human immunodeficiency virus 1 (HIV-1,Hepatitis C virus (HCV,pathogens,0.0011681440519168,0.0021316804923117,0.0010438746539875,0.0007467095856554,0.0009099742164835,0.0007752007804811,0.2820607721805572,0.3578875362873077,0.1631243824958801,0.0244851764291524,0.1350154876708984,0.029275419190526,0.0014478997327386,0.267690896987915,0.0629253610968589,UNRESOLVED,UNRESOLVED,2,0.2820607721805572,0.5141488909721375,0.3578875362873077,0.589577853679657,0.1631243824958801,0.8144534230232239,0.267690896987915,0.6393933892250061,0.6393933892250061
biotx_reject_R047,Alphaviruses are members of the Togaviridae family that are mainly transmitted by arthropods such as mosquitoes.,Togaviridae,['Togaviridae'],Arthropoda,['arthropods'],transmitted by,['transmitted by'],Entity1: Togaviridae. Entity2: Arthropoda. Sentence: Alphaviruses are members of the Togaviridae family that are mainly transmitted by arthropods such as mosquitoes.,1,1,1,1,1,0,32906603,ncbitaxon_viruses:11018;ott:632179;RO_0002451,biotx_rejected_2026-09,EG,2026-09-17,Togaviridae,arthropods,transmitted by,0.9709070920944214,0.9413270950317384,0.7840608954429626,0.9724338054656982,0.8812633156776428,0.96998929977417,0.9709996581077576,0.9354133009910583,0.9312437176704408,0.9774391055107116,0.8984379172325134,0.9836254715919496,0.8987650275230408,0.9458855589230856,0.9531674981117249,UNRESOLVED,phylum,2,0.9709996581077576,0.033876359462738,0.9354133009910583,0.0114402715116739,0.9312437176704408,0.0060856849886476,0.9458855589230856,0.0171341053210198,0.9458855589230856
biotx_reject_R048,The rhesus macaque model of COVID-19 was utilized to test the added benefit of combinatory parenteral administration of two high-affinity anti-SARS-CoV-2 monoclonal antibodies (mAbs; C144-LS and C135-LS) expressly developed to neutralize the virus and modified to extend their pharmacokinetics.,Severe acute respiratory syndrome coronavirus 2,['SARS-CoV-2'],Macaca mulatta,['rhesus macaque'],neutralizes,['neutralize'],Entity1: Severe acute respiratory syndrome coronavirus 2. Entity2: Macaca mulatta. Sentence: The rhesus macaque model of COVID-19 was utilized to test the added benefit of combinatory parenteral administration of two high-affinity anti-SARS-CoV-2 monoclonal antibodies (mAbs; C144-LS and C135-LS) expressly developed to neutralize the virus and modified to extend their pharmacokinetics.,0,0,1,1,0,0,34869063,ncbitaxon_viruses:2697049;ott:689650;RO_e000038,biotx_rejected_2026-09,EG,2026-09-17,SARS-CoV-2,rhesus macaque,neutralize,0.0028685682918876,0.0017617129487916,0.0037103944923728,0.0042764479294419,0.00851119030267,0.0032449006102979,0.0182992853224277,0.0077014463022351,0.0053240531124174,0.0263523198664188,0.0231239385902881,0.0091882059350609,0.0027802252443506,0.01044159491236,0.0195548214639226,UNRESOLVED,species,1,0.0182992853224277,0.0106346607208251,0.0077014463022351,0.0318382158875465,0.0053240531124174,0.0053115272894501,0.0104415949123601,0.0159281346326073,0.0159281346326073
biotx_reject_R049,"• Although Scotch thistle (Onopordum acanthium) is known to have cypselas whose dormancy is affected by maturation temperature, a detailed study of plant development, cypsela structure and germination responses after maturing under contrasting temperatures has not been done.",Onopordum acanthium,['Onopordum acanthium'],Cypsela,['cypsela'],affected by,['affected by'],"Entity1: Onopordum acanthium. Entity2: Cypsela. Sentence: • Although Scotch thistle (Onopordum acanthium) is known to have cypselas whose dormancy is affected by maturation temperature, a detailed study of plant development, cypsela structure and germination responses after maturing under contrasting temperatures has not been done.",0,0,1,0,0,0,33873667,ott:25043;ott:4398773;RO_e000056,biotx_rejected_2026-09,EG,2026-09-17,Onopordum acanthium,cypsela,affected by,0.0003797871468123,0.0007681732531636,0.0005789204733446,0.0011726962402462,0.002413794863969,0.0011827298440039,0.0003797871468123,0.0007681732531636,0.0005789204733446,0.0011726962402462,0.002413794863969,0.0011827298440039,0.0005756269577735,0.0005756269577735,0.001589740316073,species,genus,1,0.0003797871468123,0.0003465965855866,0.0007681732531636,0.0008194743422791,0.0005789204733446,0.0006814756197854,0.0005756269577735,0.000615848849217,0.000615848849217
biotx_reject_R050,"A total of 498 head lice (2nd and 3rd instar larvae, females and males) combed out of the hair of 38 children, were exposed to the delousing formulations Diffusil H Forte Spray (carbaryl 1%), Diffusil Care (isopropyl myristate, cyclomethicone, and dimethiconol) and Paranit (coconut oil, anise oil, and ylang ylang oil) in in vitro tests.",Pediculus humanus,['head lice'],Myrrhis odorata,['anise'],exposed to,['exposed to'],"Entity1: Pediculus humanus. Entity2: Myrrhis odorata. Sentence: A total of 498 head lice (2nd and 3rd instar larvae, females and males) combed out of the hair of 38 children, were exposed to the delousing formulations Diffusil H Forte Spray (carbaryl 1%), Diffusil Care (isopropyl myristate, cyclomethicone, and dimethiconol) and Paranit (coconut oil, anise oil, and ylang ylang oil) in in vitro tests.",0,0,1,0,1,0,21542235,ott:1034004;ott:105019;RO_e000044,biotx_rejected_2026-09,EG,2026-09-17,head lice,anise,exposed to,0.0028294778894633,0.002608295995742,0.005529529415071,0.0015725694829598,0.0071647521108388,0.0036301109939813,0.00735066505149,0.0075158686377108,0.0058167548850178,0.0009286210406571,0.002845894312486,0.0014799976488575,0.0036557677667587,0.0068944295247395,0.0017515043340002,species,species,0,0.00735066505149,0.0072943409904837,0.0075158686377108,0.0027592673432081,0.0058167548850178,0.0052127665840089,0.0068944295247395,0.0050887916392336,0.0068944295247395
