both_args_taxa,n_taxa
True,4
False,1
False,1
False,1
False,1
False,2
True,3
True,2
False,2
True,3
True,2
True,6
True,4
True,3
True,2
True,4
True,6
True,2
False,3
True,7
True,3
True,4
True,2
False,1
False,0
False,2
True,6
True,4
True,3
True,8
True,4
False,1
False,0
True,3
True,3
False,2
False,1
False,1
False,2
False,1
False,2
True,3
True,2
True,2
False,1
True,3
False,1
True,6
False,4
False,2
True,5
False,1
True,4
False,1
True,4
False,1
False,1
False,1
False,3
True,4
False,1
False,4
False,1
False,1
True,2
True,2
False,2
False,2
False,2
False,1
False,1
True,4
True,4
False,1
True,4
True,5
False,1
False,2
False,3
False,1
False,3
True,4
False,2
False,2
True,3
True,3
True,2
True,2
True,6
True,3
False,4
False,0
False,2
False,1
False,3
True,3
False,2
False,1
True,2
False,1
False,3
False,0
False,1
False,0
False,2
True,3
False,1
False,2
True,4
False,3
True,2
False,2
True,2
False,0
True,3
False,1
True,4
False,1
False,1
False,1
True,4
True,3
False,2
True,2
False,1
False,1
False,0
False,0
False,1
False,0
False,0
False,0
True,3
False,2
False,0
True,3
True,2
False,4
True,5
False,2
True,4
True,8
False,1
True,8
True,4
True,12
True,12
True,5
True,7
True,4
True,6
True,6
True,4
False,1
True,7
True,4
True,2
True,9
False,1
False,4
True,3
True,4
True,8
True,18
True,3
False,1
True,5
True,2
True,5
True,11
True,12
True,5
False,1
True,9
True,3
True,4
True,11
True,2
True,4
False,2
True,8
True,4
True,2
True,10
True,6
True,4
False,3
True,7
False,2
True,3
True,7
True,4
False,1
True,5
False,1
True,7
True,3
True,5
True,6
False,3
True,6
True,3
False,6
True,3
True,4
True,4
True,8
False,3
True,4
True,8
True,6
True,6
True,7
False,1
False,1
False,0
True,3
True,4
True,7
True,4
True,4
True,10
False,2
True,27
True,5
True,6
True,8
True,2
True,7
True,2
True,3
True,6
True,2
True,4
True,8
False,7
True,5
False,2
True,2
False,1
True,29
True,6
True,3
False,3
True,3
False,7
True,17
False,3
True,3
True,10
True,5
True,6
True,13
False,2
False,1
True,4
True,10
True,4
True,8
False,6
True,7
False,1
True,6
False,5
False,1
True,4
False,1
True,9
True,6
True,4
False,4
False,4
True,5
True,5
False,0
False,1
True,3
True,4
False,3
True,7
True,4
True,5
False,2
True,6
True,5
True,2
True,2
True,7
True,4
True,4
False,2
True,7
True,3
True,3
True,4
False,2
False,3
False,1
True,3
False,2
False,1
True,6
True,7
True,8
True,5
False,10
False,2
True,4
False,1
True,6
False,1
False,1
True,11
False,6
True,14
True,6
False,6
False,6
True,3
True,6
True,5
True,6
True,8
True,12
True,3
False,7
False,1
True,4
True,5
False,1
False,5
True,10
True,5
True,3
False,5
True,6
True,7
False,2
True,3
True,4
True,6
True,7
False,0
True,3
True,17
True,2
False,0
True,16
False,1
True,6
False,1
True,5
True,5
True,3
False,6
True,16
True,3
True,4
False,3
True,7
True,3
False,4
False,1
True,10
False,6
True,11
False,1
True,5
False,0
True,2
True,2
True,6
False,1
True,3
False,3
True,4
False,2
True,2
True,6
True,7
False,1
True,4
True,2
False,0
False,1
True,8
False,3
False,1
True,7
False,9
True,11
False,4
False,3
False,13
False,1
False,11
True,2
True,7
True,6
False,12
True,19
False,2
True,8
True,4
True,16
True,6
True,5
True,7
True,11
True,5
False,0
False,1
False,2
False,1
True,1
False,4
True,6
False,2
True,4
True,5
True,5
True,8
False,4
False,2
True,10
True,8
False,2
True,6
False,3
False,17
True,6
True,5
True,10
False,0
True,4
False,0
True,5
