source,species1,relation,species2,score,rule,n_taxa,both_args_taxa,sentence
biotx100,Human,Pathogens,Aspergillus giganteus,0.20758562,,2,False,Fungal Infections as an Uprising Threat to Human Health: Chemosensitization of Fungal Pathogens With AFP From Aspergillus giganteus.
biotx100,Galea leucoblephara,parasite of,Holochilus brasiliensis,0.4112068,,4,True,"The new species more closely resembles G. mazzai Lent & Freitas, 1935, parasite of Galea leucoblephara from Argentina, and G. kravetzi Sutton & Durette-Desset, 1995, parasite of Holochilus brasiliensis from Uruguay."
biotx100,loquat|Eriobotrya japonica,colonized,wheat,0.22173806,,4,False,A convenient inoculation system based on root inoculation of a highly susceptible loquat (Eriobotrya japonica) with P. noxius-colonized wheat-oat grains was developed to examine the effect of Trichoderma treatment in planta.
biotx100,sulla,symbionts of,Hedysarum coronarium,0.6290423,same_organism,2,False,"This work is the completion of a series of reports describing the nitrogen-fixing bacterial symbionts of sulla (Hedysarum coronarium L., Leguminosae) and providing the grounds for their proposal as a new taxon."
biotx100,rhesus macaques,colonizes,humans,0.20074184,,2,False,"Socially housed rhesus macaques are often naturally infected with H. pylori similar to that which colonizes humans, but little is known about the cagPAI."
biotx100,rhinoceros beetle,phoretic,Oryctes agamemnon,0.1997685,,2,True,"Interactions between phoretic mites and the Arabian rhinoceros beetle, Oryctes agamemnon arabicus."
reject50,Siberia,migrating,birds,0.14195578,non_biotic_relation,0,False,This was due to the fact that the birds migrating to European Russia and a portion of birds migrating from Siberia have common winter nesting areas.
reject50,Alternaria solani,pathogen of,Phytophthora infestans,0.14572273,,2,True,"Real-time loop-mediated isothermal amplification (LAMP) assays for the detection of sporangia of the causal pathogen of late blight, Phytophthora infestans, and spores of the main causal pathogen of early blight, Alternaria solani, were developed to facilitate the in-field detection of airborne inoculum to improve disease forecasting."
reject50,Sitobion miscanthi,symbiont,aphid,0.98871636,,0,False,SMLS (Sitobion miscanthi L type symbiont) is a newly reported aphid secondary symbiont.
reject50,Xanthomonas citri subsp. citri,pathogens,Xanthomonas arboricola pv. pruni,0.31694898,,3,True,Xanthomonas citri subsp. citri and Xanthomonas arboricola pv. pruni: Comparative analysis of two pathogens producing similar symptoms in different host plants.
reject50,head lice,exposed to,anise,0.3681771,,4,False,"A total of 498 head lice (2nd and 3rd instar larvae, females and males) combed out of the hair of 38 children, were exposed to the delousing formulations Diffusil H Forte Spray (carbaryl 1%), Diffusil Care (isopropyl myristate, cyclomethicone, and dimethiconol) and Paranit (coconut oil, anise oil, and ylang ylang oil) in in vitro tests."
test299,ambrosia,host,Scolytinae,0.29175392,,5,True,"Biology and host associations of redbay ambrosia beetle (Coleoptera: Curculionidae: Scolytinae), exotic vector of laurel wilt killing redbay trees in the southeastern United States."
test299,Cutibacterium acnes,symbiont,Spongia officinalis,0.32186648,co_listed,9,True,"Most clusters are found in Bacillus and Streptomyces species which typically inhabit soil and the rhizosphere, but some clusters are found with diverse species representation such as Photorhabdus and Xenorhabdus which are symbiotic with entomopathogenic nematodes; the human skin commensal Cutibacterium acnes, and the marine Bacillus rugosus SPB7, a symbiont to the sea sponge Spongia officinalis."
test299,Phytomyza prava,host,Dizygomyza,0.16681485,,3,True,"We review host and distribution data for the known species, reporting 14 new host species records (including the first rearing records for Cerodontha (Dizygomyza) magnicornis (Loew)) and 12 new state records (including the first USA record for Phytomyza prava Spencer)."
test299,Chaetosphaeria,host,Phialosporostilbe,0.5583947,,8,True,"Based on morphological characteristics and phylogenetic analysis of a combined LSU and ITS sequence dataset, Chaetosphaeria obovoidea, Codinaea aseptata, Codinaeella hyalina, Dictyochaeta guizhouensis and Paragaeumannomyces guttulatus were introduced as new species, Codinaea terminalis was reported as new host record, and Codinaea dwaya and Phialosporostilbe scutiformis were introduced as new collections."
test299,Persicaria chinensis,pollinators,Chinese knotweed,0.42623377,,4,True,DNA barcoding implicates 23 species and four orders as potential pollinators of Chinese knotweed (Persicaria chinensis) in Peninsular Malaysia.
test299,goose,hunting,Anser brachyrhynchus,0.28296557,,3,True,In this study we present a situation where local goose hunting arrangements respond to objectives in an international management plan for pink-footed geese (Anser brachyrhynchus) and a local wish to reduce goose numbers as means to reduce grazing damage on farmland.
test299,Toxoplasma gondii,parasite of,swine,0.75667864,,2,False,"The entero-pathogenic Cystoisospora suis, a coccidian parasite of swine and close relative to Toxoplasma gondii, undergoes development in one host-cycle."
test299,cocoa,host,Helopeltis theivora,0.86676127,,3,False,Rearing of tea mosquito bug on cocoa was found to be a failure in the present study hence Helopeltis theivora Waterhouse was maintained on the alternate host mile-a-minute (Mikania micrantha Kunth) under laboratory condition in insect rearing cages.
test299,Cotesia plutellae,parasitoids,Oomyzus sokolowskii,0.83790964,,4,True,"[Interspecific interactions between Cotesia plutellae and Oomyzus sokolowskii, two major parasitoids of diamondback moth, Plutella xylostella]."
test299,Claviceps,host,Bromus inermis,0.24835426,co_listed,8,True,"The study consisted of 74 ergot isolates, from four different host species, Lolium perenne, Poa pratensis, Bromus inermis, and Secale cereale plus three additional Claviceps species, C. pusilla, C. paspali and C.fusiformis."
test299,katydids,prey,beetles,0.20075668,co_listed,5,False,"Many culled remains were from insects that do not emit mate-calling songs (e.g. beetles, dragonflies, cockroaches, and female katydids), indicating that eavesdropping on prey signals is not the only prey-finding strategy used by this bat."
test299,Helicobacter felis,pathogen,human,0.52364206,,3,False,"Helicobacter pylori is a human pathogen, whereas the natural hosts for 'Gastrospirillum hominis' and Helicobacter felis are animals."
test299,dogs,hosts of,Y. pestis|Yersinia pestis,0.1949888,,5,True,"If P. simulans is highly prevalent on prairie dogs, it may serve as a ""bridge vector"" between Cynomys and other mammalian hosts of the plague bacterium Yersinia pestis, and even function as a reservoir of Y. pestis between outbreaks."
test299,wheat,hosts,F. acuminatum,0.7140642,negated,1,False,"However, F. acuminatum in New Zealand was found only on non-wheat hosts."
test299,Acanthocephala,host,Fessisentis fessus,0.7082672,,2,False,Geographic and host-related variation among species of Fessisentis (Acanthocephala) and confirmation of the Fessisentis fessus life cycle.
test299,Oreochromis mossambicus,interacts with,Portunus pelagicus,0.27437004,,3,True,"The present study investigates the potential of Portunus pelagicus Î²-1, 3 glucan binding protein based zinc oxide nanoparticles (PpÎ²-GBP-ZnO NPs) supplemented diet on growth, immune response and disease resistance in Mozambique tilapia, Oreochromis mossambicus."
test299,European seabass|Dicentrarchus labrax,predator,Anguilla anguilla,0.2396173,,4,True,We considered the anti-predator response and ventilation rate of juvenile European eels (Anguilla anguilla) and ventilation rate of juvenile European seabass (Dicentrarchus labrax).
test299,crickets,infection|infected with,policemen,0.8119855,,3,False,True infection with Eurytrema would indicate that the policemen ate uncooked grasshoppers and crickets infected with the parasite.
test299,Pseudomyrmex penetrator,co-occur with,fungus,0.31509945,,4,False,"Using Pseudomyrmex penetrator/Tachigali sp. from French Guiana and Petalomyrmex phylax/Leonardoxa africana and Crematogaster margaritae/Keetia hispida, both from Cameroon, as models, we tested the hypothesis that ant-plant-fungus mutualisms co-occur with culturable Actinobacteria."
test299,dogs,parasite of,Grande,0.16964395,,3,False,"A serological survey on Ehrlichia canis was conducted among dogs in the central area of the state of Rio Grande do Sul, where the tick Rhipicephalus sanguineus is a common parasite of dogs."
test299,Saccharomyces cerevisiae,communication,Schizosaccharomyces pombe|fission yeast,0.34943983,,4,True,"Two yeast species, the budding yeast Saccharomyces cerevisiae and the fission yeast Schizosaccharomyces pombe, engage in various kinds of intraspecies cell-cell communication using peptides and chemical molecules that they produce, constituting a sort of 'language'."
test299,flavolineata,eating,Trichostetha fascicularis,0.21853851,,6,True,"Pollen digestion in three pollen-eating scarab beetles, the green protea beetle Trichostetha fascicularis and two monkey beetle species, Peritrichia cinerea and Pachynema flavolineata, was investigated."
test299,Myrsine lanaiensis,host,P. kolea,0.924613,,5,True,"Two new species, Philodoria kauaulaensis Kobayashi, Johns & Kawahara, sp. n. (host: Myrsine lanaiensis, M. lessertiana, and M. sandwicensis) and P. kolea Kobayashi, Johns & Kawahara, sp. n. (host: M. lessertiana) are described."
