arm,n_ckpt,auprc,cf_f1,dev_f1,oracle_f1,bx,rej,t299,v1_k,v1_m,v1_p,v2_p,v2_dauprc,v3_p,v3_dauprc
ENS6+CANONCOLL,9,0.9406,0.8954,0.7601,0.9,0.9787,0.4927,0.9438,16.5,9.0,0.2301,0.003,0.0248,0.0024,0.0295
ENS ALLPAIR,15,0.938,0.8862,0.7571,0.8974,0.9784,0.4895,0.9402,18.0,9.0,0.1467,0.0042,0.0222,0.0101,0.0269
CANONCOLLTGT,3,0.9375,0.8926,0.7601,0.903,0.9737,0.5922,0.934,16.0,15.5,0.9319,0.0059,0.0216,0.0201,0.0263
ENS4FMT (V4),12,0.9366,0.8982,0.7689,0.9018,0.9714,0.4856,0.9443,17.0,10.5,0.3358,0.0008,0.0208,0.0021,0.0255
ENS3FMT lean,9,0.9366,0.8849,0.7736,0.8963,0.9703,0.4728,0.9455,16.0,12.0,0.7003,0.0129,0.0208,0.0394,0.0255
ENS PAIR+CANONRAW,6,0.9364,0.8862,0.763,0.8966,0.9722,0.4616,0.9433,16.0,12.0,0.6355,0.0184,0.0206,0.0268,0.0253
PAIR,3,0.9364,0.8754,0.7589,0.8876,0.9772,0.428,0.9408,15.0,11.0,0.5563,0.0796,0.0206,0.153,0.0252
ENS6 PAIR+PAIRMARK,6,0.9359,0.8849,0.7707,0.892,0.9774,0.4613,0.9385,16.0,10.0,0.3268,0.0209,0.02,0.027,0.0247
ENS PAIR+MARKCANON,6,0.9357,0.8902,0.7822,0.8967,0.968,0.4683,0.9461,16.0,12.0,0.4576,0.0036,0.0199,0.0103,0.0246
CANONCOLL,3,0.9354,0.8979,0.7601,0.9062,0.9764,0.5665,0.9315,16.0,14.0,0.7873,0.0027,0.0196,0.0086,0.0243
MARKCANON canon+markers,3,0.9348,0.8911,0.7822,0.8956,0.963,0.4829,0.9463,17.0,13.0,0.5839,0.0049,0.019,0.0101,0.0237
CTLW  prior control,3,0.9346,0.8916,0.744,0.8952,0.9739,0.4625,0.9375,16.0,10.0,0.3268,0.0043,0.0187,0.0072,0.0234
ENS6+CDROP,9,0.9345,0.8769,0.75,0.8898,0.9763,0.4604,0.938,16.0,11.5,0.499,0.0545,0.0187,0.0768,0.0234
ENS PAIR+CCOLL,6,0.9344,0.8761,0.7626,0.8876,0.978,0.485,0.9337,17.0,12.0,0.4576,0.0497,0.0186,0.1124,0.0233
ENS PAIR+CDROP,6,0.9343,0.873,0.7536,0.8863,0.9752,0.424,0.9387,16.0,11.0,0.5563,0.1088,0.0185,0.217,0.0232
"CANONRAW  canon, no fix",3,0.9339,0.8861,0.7707,0.8964,0.9682,0.4755,0.939,15.0,15.0,0.9319,0.0145,0.018,0.045,0.0227
PAIRMARK,3,0.9335,0.8822,0.7757,0.8893,0.9772,0.4659,0.9306,17.0,10.0,0.3268,0.0219,0.0176,0.0336,0.0223
CDROP contra removed,3,0.9271,0.8782,0.747,0.8835,0.9698,0.3917,0.9288,17.0,13.0,0.5839,0.0461,0.0113,0.0833,0.016
CCOLL collapsed,3,0.9269,0.8893,0.7648,0.8893,0.9715,0.5219,0.917,18.0,10.0,0.1859,0.0145,0.0111,0.0122,0.0157
CCOLLTGT coll+targeted,3,0.9211,0.8694,0.7542,0.8786,0.9743,0.5032,0.9101,19.0,16.0,0.7353,0.2286,0.0053,0.4268,0.01
V2 (triple),3,0.9158,0.8491,0.7139,0.8614,0.9593,0.6021,0.9065,15.0,16.0,0.8551,,,,
V3 (triple),3,0.9111,0.856,0.7964,0.8627,0.9364,0.4966,0.9247,15.0,15.0,0.9298,,,,
CMAX  contra->1,3,0.9043,0.8713,0.8319,0.8839,0.9605,0.5755,0.9137,18.0,19.0,1.0,0.2352,-0.0115,0.4634,-0.0068
