source,sentence,species1,relation,species2,label,v1,in_train,v1_pred,m_score,m_pred,v1_ok,m_ok,delta
biotx100,"Six horses severely affected by a seasonal dermatitis similar in both histopathology and epidemiology to Culicoides hypersensitivity (CH) and six unaffected or normal horses were inoculated intradermally with an extract of Culicoides obsoletus (Meigen), the most common Culicoides in southwestern British Columbia.",horses,affected by,Culicoides obsoletus,1,1.0,False,1,0.9458915,1,True,True,both_right
biotx100,PI3K-dependent host cell actin rearrangements are required for Cronobacter sakazakii invasion of human brain microvascular endothelial cells.,Cronobacter sakazakii,invasion,human,1,1.0,False,1,0.0405188,1,True,True,both_right
biotx100,"Phylogenomic Analyses of Non-Dikarya Fungi Supports Horizontal Gene Transfer Driving Diversification of Secondary Metabolism in the Amphibian Gastrointestinal Symbiont, Basidiobolus.",Dikarya,Symbiont,Basidiobolus,0,1.0,False,1,0.36865762,1,False,False,both_wrong
biotx100,"A comparison of the development and survival of the dung beetle, Onthophagus taurus (Schreb.) when fed on the faeces of cattle treated with pour-on formulations of eprinomectin or moxidectin.",Onthophagus taurus,fed on,cattle,1,1.0,False,1,0.99855316,1,True,True,both_right
biotx100,"Olfersia spinifera is an obligate ectoparasite of the great frigatebird, Fregata minor, living among bird feathers for all of its adult life.",Olfersia spinifera,ectoparasite of,Fregata minor,1,1.0,False,1,0.99932015,1,True,True,both_right
biotx100,"When applied to field samples of the carabid predator Pterostichus melanarius (Illiger) nine banding patterns were detected, including one for aphids.",Pterostichus melanarius,predator,Illiger,0,1.0,False,1,0.00031023333,0,False,True,FIXED
biotx100,"Root-hemiparasitic interaction between the dominant grass Calamagrostis epigejos and the hemiparasite Thesium linophyllon was studied to assess the potential of the parasite to regulate dominance of the grass, which is expanding into species-rich steppe grasslands.",Calamagrostis epigejos,hemiparasite,Thesium linophyllon,1,1.0,False,1,0.98903775,1,True,True,both_right
biotx100,"(= Crinipellis brasiliensis), a parasite of Heteropterys acutifolia.",Crinipellis brasiliensis,parasite of,Heteropterys acutifolia,1,1.0,False,1,0.9993367,1,True,True,both_right
biotx100,"Two cats from a total 102 examined were infested with the dog louse, Heterodoxus spiniger.",cats,infested,Heterodoxus spiniger,1,1.0,False,1,0.9993163,1,True,True,both_right
biotx100,"A trematode parasite of the genus Clinostomum new to the shad, Alosa sapidissima.",Clinostomum,parasite of,Alosa sapidissima,1,1.0,False,1,0.7104348,1,True,True,both_right
biotx100,"Orthotospovirus tomatomaculae (tomato spotted wilt virus, TSWV) is transmitted by the western flower thrips, Frankliniella occidentalis.","tomato spotted wilt virus, TSWV|Orthotospovirus tomatomaculae",transmitted by,western flower thrips|Frankliniella occidentalis,1,1.0,False,1,0.99803966,1,True,True,both_right
biotx100,Life tables of Venturia canescens (Hymenoptera: Ichneumonidae) parasitizing the Mediterranean flour moth (Lepidoptera: Pyralidae).,Venturia canescens,parasitizing,Mediterranean flour moth,1,1.0,False,1,0.99931663,1,True,True,both_right
biotx100,"The need for a detoxifying mechanism for the producer plant is self-evident but the larvae of the bruchid beetle Caryedes brasiliensis, that is itself a non-producer, have specialized in feeding on the Lcanavanine-containing seeds of Dioclea megacarpa.",Caryedes brasiliensis,feeding on,Dioclea megacarpa,1,1.0,False,1,0.9872186,1,True,True,both_right
biotx100,Differential sensitivity of a predacious cladoceran (Leptodora) and its prey (the cladoceran Bosmina) to the insecticide carbaryl: results of acute toxicity tests.,Leptodora,prey,Bosmina,1,1.0,False,1,0.9947138,1,True,True,both_right
biotx100,Chaetogaster limnaei is a predator of Fasciola hepatica devouring an average of 3.79 ¬± 0.21 miracidia.,Chaetogaster limnaei,predator of,Fasciola hepatica,1,1.0,False,1,0.9992765,1,True,True,both_right
biotx100,"To assess the bioindicator value of parasites, the concentrations of six heavy metals (Cr, Cu, Pb, Cd, Ni and Zn) were analyzed by atomic absorption spectrometry in gravid females of the nematode Philometra ovata, body cavity parasites of gudgeon (Gobio gobio) and muscle samples of infected and uninfected hosts.",Philometra ovata,parasites of,Gobio gobio|gudgeon,1,1.0,False,1,0.072875164,1,True,True,both_right
biotx100,Melanoides tuberculata (Mollusca: Thiaridae) as an intermediate host of Centrocestus formosanus (Trematoda: Heterophyidae) in Brazil.,Melanoides tuberculata,host of,Centrocestus formosanus,1,1.0,False,1,0.9993044,1,True,True,both_right
biotx100,"The present study assessed the nutritional value of an interesting marine amphipod (Parhyale hawaiensis), and evaluates through a feeding trial its potential use as a natural prey for 10-months lined seahorse, Hippocampus erectus.",Parhyale hawaiensis,prey,lined seahorse|Hippocampus erectus,1,1.0,False,1,0.97808427,1,True,True,both_right
biotx100,"A single Mycoplasma bacterial strain, MAG01, dominated the gut metagenome of large, non-parasitized fish, consistent with previous studies showing high levels of Mycoplasma in the gut microbiota of healthy salmon.",Mycoplasma,parasitized,gut metagenome,1,1.0,False,1,0.0012652271,0,True,False,BROKE
biotx100,"Based on these independent sources of information (morphometric and molecular data), two new species of Gyrodactylus are described: Gyrodactyluspakan n. sp. and Gyrodactylusteken n. sp. The phylogenetic relationships of both new species to other gyrodactylids infecting characiformes (for which molecular data are available) are presented, which suggests that their closest relative is Gyrodactylus carolinae, a parasite of Characidium lanei in Brazil.",Gyrodactylus carolinae,parasite of,Characidium lanei,1,1.0,False,1,0.9988021,1,True,True,both_right
biotx100,"Bicolour fangblennies Plagiotremus laudandus gained access to more reef fish victims, which they attack to feed on fins and scales, when they spent more time associated with their model Meiacanthus atrodorsalis.",Plagiotremus laudandus,feed on,Meiacanthus atrodorsalis,1,1.0,False,1,0.09126864,1,True,True,both_right
biotx100,"Orchid fleck virus (OFV) is distributed world-wide on several orchid plants and transmitted by the false spider mite, Brevipalpus californicus.",Orchid fleck virus,transmitted by,Brevipalpus californicus,1,1.0,False,1,0.9981942,1,True,True,both_right
biotx100,"Mycobacterium marinum is a waterborne pathogen of fish and other ectotherms, closely related to Mycobacterium tuberculosis.",Mycobacterium marinum,pathogen of,Mycobacterium tuberculosis,0,1.0,False,1,0.00097610906,0,False,True,FIXED
biotx100,"Reproduction and morphogenesis of Rickettsiella chironomi, an unusual intracellular procaryotic parasite of midge larvae.",Rickettsiella chironomi,parasite of,midge,1,1.0,False,1,0.9992167,1,True,True,both_right
biotx100,"Our results showed that Polyarthra mainly grazed on Chlorophyta, which may result from the high relative abundance of Chlorophyta in ambient waters.",Polyarthra,grazed,Chlorophyta,1,1.0,False,1,0.999191,1,True,True,both_right
biotx100,Fungal Infections as an Uprising Threat to Human Health: Chemosensitization of Fungal Pathogens With AFP From Aspergillus giganteus.,Human,Pathogens,Aspergillus giganteus,0,0.0,False,0,0.047162917,1,True,False,BROKE
biotx100,"This study assessed the potential role of the Sub-Saharan rodents Arvicanthis neumanni, A. niloticus and Mastomys natalensis as hosts of L. donovani and L. sp. from Ghana, based on experimental infections of animals and xenodiagnoses.",Arvicanthis neumanni,hosts of,Mastomys natalensis,0,1.0,False,1,0.0003900754,0,False,True,FIXED
biotx100,Occurrence of isopod Nerocila phaiopleura infestation on Whitefin wolf-herring (Chirocentrus nudus) from Southeast coast of India.,Nerocila phaiopleura,infestation,Whitefin wolf-herring|Chirocentrus nudus,1,1.0,False,1,0.99807894,1,True,True,both_right
biotx100,"Mitochondrial inheritance in Fusarium zanthoxyli and F. continuum, two canker-inducing pathogens of prickly ash (Zanthoxylum bungeanum) in northern China, was investigated by genotyping ascospore progeny obtained from laboratory crosses.",Fusarium zanthoxyli,pathogens of,Zanthoxylum bungeanum,1,1.0,False,1,0.9984175,1,True,True,both_right
biotx100,"Aroplectrus dimerus (Hymenoptera: Eulophidae), Ectoparasitoid of the Nettle Caterpillar, Oxyplax pallivitta (Lepidoptera: Limacodidae): Evaluation in the Hawaiian Islands.",Aroplectrus dimerus,Ectoparasitoid of,Oxyplax pallivitta,1,1.0,False,1,0.99311244,1,True,True,both_right
biotx100,"The new species more closely resembles G. mazzai Lent & Freitas, 1935, parasite of Galea leucoblephara from Argentina, and G. kravetzi Sutton & Durette-Desset, 1995, parasite of Holochilus brasiliensis from Uruguay.",Galea leucoblephara,parasite of,Holochilus brasiliensis,0,1.0,False,1,0.0011587192,0,False,True,FIXED
biotx100,Gene flow in the endophyte Neotyphodium and implications for coevolution with Festuca arizonica.,Neotyphodium,coevolution,Festuca arizonica,1,1.0,False,1,0.998901,1,True,True,both_right
biotx100,GBS expressing pneumococcal NanA had increased invasion of human brain microvascular endothelial cells.,NanA,invasion,human,0,0.0,False,0,0.00035873352,0,True,True,both_right
biotx100,The skunk Conepatus chinga as new host of Trypanosoma cruzi in Argentina.,Conepatus chinga,host of,Trypanosoma cruzi,1,1.0,False,1,0.99903035,1,True,True,both_right
biotx100,"Endemic lizard Gallotia galloti is a paratenic host of invasive Angiostrongylus cantonensis in Tenerife, Spain.",Gallotia galloti,host of,Angiostrongylus cantonensis,1,1.0,False,1,0.99908054,1,True,True,both_right
biotx100,"Paranoplocephala etholeni n. sp., parasitizing the meadow vole Microtus pennsylvanicus in Alaska and Wisconsin, USA, is described.",Paranoplocephala etholeni,parasitizing,Microtus pennsylvanicus|meadow vole,1,1.0,False,1,0.99929714,1,True,True,both_right
biotx100,Sociality and life histories are well documented for the exoneurine genera (review in ) and Inquilina is an obligate social parasite of species of Exoneura ().,Inquilina,parasite of,Exoneura,1,1.0,False,1,0.9993892,1,True,True,both_right
biotx100,"Saprochaete capitata is an arthroconidial yeast, found principally in the environment, even if it belongs also to the normal microbial flora that colonize human subjects.",Saprochaete capitata,colonize,human,1,1.0,False,1,0.008342277,1,True,True,both_right
biotx100,"BACKGROUND Human toxocariasis, a helminthozoonosis, is due to the migration of Toxocara species larvae into human organisms.",Human|human,migration,Toxocara,1,1.0,False,1,0.017268088,1,True,True,both_right
biotx100,"Draft genome sequence of Colletotrichum sansevieriae Sa-1-2, the anthracnose pathogen of Sansevieria trifasciata.",Colletotrichum sansevieriae,pathogen of,Sansevieria trifasciata,1,1.0,False,1,0.999231,1,True,True,both_right
biotx100,Non-typeable Haemophilus influenzae (NTHI) is a pathogen of the human respiratory tract causing the majority of invasive H. influenzae infections.,Haemophilus influenzae,pathogen of,human,1,1.0,False,1,0.99450505,1,True,True,both_right
biotx100,"Streptococcus agalactiae, which is regarded as the major bacterial pathogen of farmed Nile tilapia (Oreochromis niloticus), is known to cause high mortality and large economic losses.",Streptococcus agalactiae,pathogen of,Oreochromis niloticus|Nile tilapia,1,1.0,False,1,0.9992156,1,True,True,both_right
biotx100,"Nucleospora salmonis, an intranuclear microsporidian parasite of salmonid fish, is often difficult to observe in histological sections or wet mount preparations from lightly infected tissues because of its small size and location within the nuclei of lymphoblast-type cells.",Nucleospora salmonis,parasite of,salmonid fish,1,1.0,False,1,0.9992267,1,True,True,both_right
biotx100,"Two disease-sensitive near-isogenic lines, PD94042 and IL41, and one disease-resistant Gossypium mustelinum accession were exposed to Verticillium wilt, to investigate molecular disease resistance mechanisms in cotton.",Gossypium mustelinum,exposed to,Verticillium,1,1.0,False,1,0.99723804,1,True,True,both_right
biotx100,Streptococcus agalactiae is a major pathogen of tilapia causing significant economic losses for the global aquatic industry yearly.,Streptococcus agalactiae,pathogen of,tilapia,1,1.0,False,1,0.9993727,1,True,True,both_right
biotx100,"Breinlia booliati from a new host is described in this article, with a brief discussion on Rattus species that are hosts of B. booliati and vectors that transmit the parasite.",Breinlia booliati,hosts of,Rattus,1,1.0,False,1,0.97842443,1,True,True,both_right
biotx100,A machine learning approach for modelling the occurrence of Galba truncatula as the major intermediate host for Fasciola hepatica in Switzerland.,Galba truncatula,host for,Fasciola hepatica,1,1.0,False,1,0.9992882,1,True,True,both_right
biotx100,"Three new species of Demidospermus (Monopisthocotyla: Dactylogyridae) parasitizing Ageneiosus inermis (Siluriformes: Auchenipteridae) from western Amazon, Brazil.",Demidospermus,parasitizing,Ageneiosus inermis,1,1.0,False,1,0.9993309,1,True,True,both_right
biotx100,"The human disease, sleeping sickness, and the animal disease, nagana, are caused by trypanosomes, protozoan parasites transmitted by tsetse flies, Glossina spp.",human,transmitted by,Glossina|tsetse flies,1,1.0,False,1,0.09476908,1,True,True,both_right
biotx100,"Here, we investigate the importance of native isolates of the endophyte Epichlo√´ elymi in affecting herbivory of the native grass host, Elymus hystrix.",Epichlo√´ elymi,affecting,Elymus hystrix,1,1.0,False,1,0.98797643,1,True,True,both_right
biotx100,"Ichthyocotylurus erraticus (Digenea: Strigeidae): factors affecting infection intensity and the effects of infection on pollan ( Coregonus autumnalis ), a glacial relict fish.",Ichthyocotylurus erraticus,affecting,Coregonus autumnalis,1,1.0,False,1,0.88072765,1,True,True,both_right
biotx100,Attachment of Salmonella Poona to cantaloupe rind and stem scar tissues as affected by temperature of fruit and inoculum.,Salmonella Poona,affected by,cantaloupe,1,1.0,False,1,0.09862697,1,True,True,both_right
biotx100,"represents an important intermediate host for avian schistosomes in South America, constituting a reservoir de schistosomes with zoonotic potential; 4. Coinfection between the two different lineages was found, a finding previously not reported for avian schistosomes; 5. Expansion in the geographic distribution of Nasusbilharzia melancorhypha from its original record in Argentina, with Chilina dombeyana as an additional intermediate host.",avian,host for,Chilina,0,1.0,False,1,0.067209125,1,False,False,both_wrong
biotx100,"The human gut parasite Entamoeba histolytica uses a multifunctional virulence factor, Hgl, a cell surface transmembrane receptor subunit of Gal/GalNAc lectin that contributes to adhesion, invasion, cytotoxicity and immune response in the host.",human,contributes to,Entamoeba histolytica,1,1.0,False,1,0.0018947371,0,True,False,BROKE
biotx100,"Given that common German cockroaches (Blattella germanica) are suitable intermediate hosts of Pterygodermatites nycticebi, 30 specimens were collected from seven different locations around the golden lion tamarins housing.",Blattella germanica,hosts of,Pterygodermatites nycticebi,1,1.0,False,1,0.99918234,1,True,True,both_right
biotx100,"Toward this goal, we designed a vaccine antigen that induces the formation of antibodies that prevent biofilm formation and, thereby, experimental OM in the middle ears of chinchillas by the predominant Gram-negative pathogen responsible for this disease, nontypeable Haemophilus influenzae These antibodies also significantly disrupt preexisting biofilms formed by diverse pathogens.",chinchillas,pathogens,Haemophilus influenzae,1,1.0,False,1,0.009588122,1,True,True,both_right
biotx100,"Salmonella is a foodborne zoonotic pathogen causing diarrhoeal disease to humans after consuming contaminated water, animal, and plant products.",Salmonella,contaminated,humans,1,1.0,False,1,0.66756165,1,True,True,both_right
biotx100,Fungi that cause cereal rust diseases (genus Puccinia) are important pathogens of wheat globally.,Puccinia,pathogens of,wheat,1,1.0,False,1,0.9992119,1,True,True,both_right
biotx100,"To our knowledge, this is the first report of P. nicotianae on G. tataricum in Bulgaria and one of the few reports from Europe of Phytophthora invasion of related Limonium species (2,3).",Phytophthora,invasion,Limonium,1,1.0,False,1,0.9980311,1,True,True,both_right
biotx100,BACKGROUND Feline-associated hemotropic Mycoplasma (hemoplasmas) are believed to be transmitted by two primary mechanisms: (1) direct transmission via fighting and (2) vector-borne transmission by the cat flea (Ctenocephalides felis).,Mycoplasma,transmitted by,cat flea|Ctenocephalides felis,1,1.0,False,1,0.994172,1,True,True,both_right
biotx100,These observations suggest that urban drainage and seasonal flooding contribute to norovirus contamination of oysters in the study area.,norovirus,contribute to,oysters,1,1.0,False,1,0.991181,1,True,True,both_right
biotx100,A convenient inoculation system based on root inoculation of a highly susceptible loquat (Eriobotrya japonica) with P. noxius-colonized wheat-oat grains was developed to examine the effect of Trichoderma treatment in planta.,loquat|Eriobotrya japonica,colonized,wheat,0,1.0,False,1,0.04535766,1,False,False,both_wrong
biotx100,"Occurrence of Campylobacter jejuni in Gulls Feeding on Zagreb Rubbish Tip, Croatia; Their Diversity and Antimicrobial Susceptibility in Perspective with Human and Broiler Isolates.",Campylobacter jejuni,Feeding on,Human,0,1.0,False,1,0.00061187666,0,False,True,FIXED
biotx100,"Disentangling thermal effects using life cycle simulation modelling on the biology and demographic parameters of Dolichogenidea gelechiidivoris, a parasitoid of Tuta absoluta.",Dolichogenidea gelechiidivoris,parasitoid of,Tuta absoluta,1,1.0,False,1,0.9993156,1,True,True,both_right
biotx100,"Special emphasis is put on infection of the ciliate Paramecium by Holospora bacteria, which invade the host nuclei with high efficacy.",Paramecium,invade,Holospora,1,1.0,False,1,0.10461357,1,True,True,both_right
biotx100,Œ±-Galactosidase and Sucrose-Kinase Relationships in a Bi-functional AgaSK Enzyme Produced by the Human Gut Symbiont Ruminococcus gnavus E1.,Human,Symbiont,Ruminococcus gnavus E1,1,1.0,False,1,0.6991858,1,True,True,both_right
biotx100,The bat tick Cariosvespertilionis has been reported from Sweden to occasionally feed on humans resulting in disease symptoms.,bat tick,feed on,humans,0,1.0,False,1,0.9990069,1,False,False,both_wrong
biotx100,"Susceptibility to Brucellosis in Humans depends on immune status, routes of infection, size of the inoculums, and to some extent, the species of Brucella.",Humans,depends on,Brucella,1,1.0,False,1,0.027708381,1,True,True,both_right
biotx100,We present transcriptomic and phylogenetic evidence for the existence of heat stress-activated Ty1-copia-type LTR retrotransposons in the coral symbiont Symbiodinium microadriaticum.,copia,symbiont,Symbiodinium microadriaticum,0,1.0,False,1,0.00047607202,0,False,True,FIXED
biotx100,Degradation of type I collagen fibrils synthesized by human dental pulp cells in explant exposed to Actinomyces viscosus.,human,exposed to,Actinomyces viscosus,1,1.0,False,1,0.4572542,1,True,True,both_right
biotx100,Infestation of Lithodes santolla by Eremitione tuberculata: spatial and temporal variations in parasite prevalence and effect on host growth.,Lithodes santolla,Infestation,Eremitione,1,1.0,False,1,0.9989567,1,True,True,both_right
biotx100,The trypanosomes differ morphologically from Trypanosoma murmanensis transmitted by the leech Johanssonia arctica.,Trypanosoma murmanensis,transmitted by,Johanssonia arctica,1,1.0,False,1,0.9921479,1,True,True,both_right
biotx100,"Here, we study the oviposition behaviour of a predatory mite (Iphiseius degenerans) in relation to its prey, the western flower thrips (Frankliniella occidentalis).",Iphiseius degenerans,predatory,western flower thrips|Frankliniella occidentalis,1,1.0,False,1,0.99682915,1,True,True,both_right
biotx100,"BACKGROUND Similar to the situation in other European countries, Danish wild boars may harbour a wide range of pathogens infectious to humans and domestic pigs.",boars,pathogens,humans,0,0.0,False,0,0.0028303964,0,True,True,both_right
biotx100,"This study assessed the impact of Lactobacillus-fermented rapeseed meal (LFRM) on broilers exposed to C. jejuni-contaminated litter, evaluating growth performance, Campylobacter levels, and metagenomic profile.",Lactobacillus,exposed to,Campylobacter,0,1.0,False,1,0.0038768975,0,False,True,FIXED
biotx100,"Identification and characterization of a novel Pavlovskyella (Acari: Argasidae) from Chile, parasite of the culpeo fox (Lycalopex culpaeus).",Pavlovskyella,parasite of,Lycalopex culpaeus|culpeo fox,1,1.0,False,1,0.9990501,1,True,True,both_right
biotx100,"AaCaMKs Positively Regulate Development, Infection Structure Differentiation and Pathogenicity in Alternaria alternata, Causal Agent of Pear Black Spot.",Alternaria alternata,Positively Regulate,Pear,1,1.0,False,1,0.00052386493,0,True,False,BROKE
biotx100,"This work is the completion of a series of reports describing the nitrogen-fixing bacterial symbionts of sulla (Hedysarum coronarium L., Leguminosae) and providing the grounds for their proposal as a new taxon.",sulla,symbionts of,Hedysarum coronarium,0,1.0,False,1,0.00047799357,0,False,True,FIXED
biotx100,"All of the bats studied inhabit roosts that may be occupied by triatomine bugs and, with the exception of D. rotundus, all also feed to at least some extent upon insects.",bats,roosts,bugs,1,1.0,False,1,0.23686825,1,True,True,both_right
biotx100,"Recent studies have provided evidence that the bacterium that causes human leprosy, Mycobacterium leprae that has a unique capacity to invade Schwann cells of the adult PNS, utilizes the neuregulin-ErbB2/ErbB3 associated signaling network to the bacterial advantage.",human,invade,Mycobacterium leprae,1,1.0,False,1,0.0015005278,0,True,False,BROKE
biotx100,"To investigate if the enteric protozoan Blastocystis degrades human secretory IgA, cell lysate and conditioned medium from two species were exposed to immunoglobulin A. Secretory IgA was cleaved by both cell lysate and conditioned medium with mainly cysteine proteinase activity in B. hominis B isolate and aspartic proteinase activity in B. ratii WR1 isolate.",Blastocystis,exposed to,human,1,1.0,False,1,0.0011622913,0,True,False,BROKE
biotx100,(Acariformes: Psoroptidae) parasitizing the African hedgehog Atelerix albiventris.,Psoroptidae,parasitizing,Atelerix albiventris,1,1.0,False,1,0.9993615,1,True,True,both_right
biotx100,"To develop a more accurate predictive model, we conducted controlled lab experiments with rhododendron leaf disks infested with Phytophthora ramorum and P. pini.",rhododendron,infested,Phytophthora ramorum,1,1.0,False,1,0.9971409,1,True,True,both_right
biotx100,"Socially housed rhesus macaques are often naturally infected with H. pylori similar to that which colonizes humans, but little is known about the cagPAI.",rhesus macaques,colonizes,humans,0,0.0,False,0,0.07322246,1,True,False,BROKE
biotx100,"Elephantulus myurus was heavily, and predominantly, parasitized by an as-yet undescribed tick species that we identify as Rhipicephalus sp. near warburtoni.",Elephantulus myurus,parasitized by,Rhipicephalus,1,1.0,False,1,0.9993199,1,True,True,both_right
biotx100,"A mathematical model was used to simulate a population of 10,000 parasitologically na√Øve Scottish Blackface lambs (with heritable variation in host-parasite interactions) grazing on medium-quality pasture (grazing density=30 lambs/ha, crude protein=140g/kg DM, metabolisable energy=10MJ/kg DM) with an initial larval contamination of 1000, 3000 or 5000 Teladorsagia circumcincta L3/kg DM.",lambs,contamination,Teladorsagia circumcincta,1,1.0,False,1,0.97017586,1,True,True,both_right
biotx100,"Members of the family Columbidae are hosts for the sarcomastigophoran, Trichomonas gallinae, the causative agent of trichomoniasis.",Columbidae,hosts for,Trichomonas gallinae,1,1.0,False,1,0.9993561,1,True,True,both_right
biotx100,This parasite uses the Duffy binding protein (PkDBPŒ±II) to interact with the Duffy antigen receptor for chemokines (DARC) receptor on human and macaque erythrocytes to initiate invasion.,human,interact with,macaque,0,0.0,False,0,0.0002977777,0,True,True,both_right
biotx100,The olfactory route is a potential way for SARS-CoV-2 to invade the central nervous system of rhesus monkeys.,SARS-CoV-2,invade,rhesus monkeys,1,1.0,False,1,0.9984692,1,True,True,both_right
biotx100,"Interactions between phoretic mites and the Arabian rhinoceros beetle, Oryctes agamemnon arabicus.",rhinoceros beetle,phoretic,Oryctes agamemnon,0,1.0,False,1,0.00039053208,0,False,True,FIXED
biotx100,"CONCLUSIONS Three snail species, Sulcospira quangtriensis, Triculinae sp. 1 and Triculinae sp. 2, serve as the first intermediate hosts of P. westermani, P. heterotremus and P. proliferus, respectively, in Vietnam.",Sulcospira quangtriensis,hosts of,Triculinae,0,1.0,False,1,0.00031166303,0,False,True,FIXED
biotx100,"Overall, there were no detrimental effects of including chicory in swards grazed by beef cattle on their performance, carcass characteristics or helminth parasitism, when compared with steers grazing ryegrass.",chicory,grazing|grazed,cattle,1,1.0,False,1,0.01057308,1,True,True,both_right
biotx100,"After the majority (80%) of salmonid smolts have left the study area, birds switch their diet to predominantly juvenile northern pikeminnow (Ptychocheilus oregonensis), which as adults are significant native salmonid predators in the Columbia River.",birds,predators,northern pikeminnow|Ptychocheilus oregonensis,1,1.0,False,1,0.16905518,1,True,True,both_right
biotx100,"Harmonia axyridis is the most abundant predator of aphids in corn followed by C. septempunctata, which is the main aphid predator observed in the three other inventoried crops.",Harmonia axyridis,predator|predator of,aphid,1,1.0,False,1,0.9895292,1,True,True,both_right
biotx100,The production of the button mushroom Agaricus bisporus with mycelium-colonized alginate pellets as an inoculant of the growing medium was investigated.,Agaricus bisporus,colonized,mycelium,0,0.0,False,0,0.0020586,0,True,True,both_right
biotx100,Colorado tick fever virus is transmitted by Dermacentor andersoni ticks.,Colorado tick fever virus,transmitted by,Dermacentor andersoni,1,1.0,False,1,0.9988611,1,True,True,both_right
biotx100,"To establish that M.¬†cardinalis flowers elicit an avoidance response in bees, we assessed the choice behavior of individual foragers on a mixed experimental array of M.¬†cardinalis and its bee-pollinated sister species M.¬†lewisii. As expected, bees showed a strong preference against M.¬†cardinalis flowers (only 22% of total bee visits were to M.¬†cardinalis), but surprisingly also showed a high degree of individual specialization (95.2% of total plant transitions were between conspecifics).",cardinalis,visits,bees,0,1.0,False,1,0.96639156,1,False,False,both_wrong
biotx100,Characterization and expression analysis of a chitinase gene (PmChi-5) from black tiger shrimp (Penaeus monodon) under pathogens infection and ambient ammonia-N stress.,black tiger shrimp|Penaeus monodon,pathogens,ammonia,0,0.0,False,0,0.00032539037,0,True,True,both_right
biotx100,"The saliva of two cereal aphids, Sitobion avenae and Schizaphis graminum in third-instar nymphs, was collected after 24 h of feeding by 30 aphids, separately, on artificial diet sachets, and the salivary enzymes were determined.",Sitobion avenae,feeding by,Schizaphis graminum,0,0.0,False,0,0.00034007954,0,True,True,both_right
biotx100,The number of mast cells (MCs) was determined in the prescapular lymph nodes of 109 animals seropositive to bovine leukaemia virus (BLV).,mast,seropositive to,bovine,0,0.0,False,0,0.0002755507,0,True,True,both_right
reject50,"Vectors for expression of human OX1, OX2 and CB1 receptors, C-terminally fused with either Renilla luciferase or GFP(2) green fluorescent protein variant, were generated.",Renilla,Vectors for,human,0,0.0,False,0,0.00030443992,0,True,True,both_right
reject50,"The proximal end of each vein was ligated, adenovirus containing the Escherichia coli beta-galactosidase gene (Ad.CMVLacZ) was delivered at titers of 2.5 x 10(9) or 5 x 10(9) plaque-forming units (pfu)/mL to the lumen through a distal heparin lock, and the segment was immersed in the viral solution for 1 hour at 37 degrees C. Control segments were exposed to diluent alone in an identical manner.",adenovirus,exposed to,Escherichia coli,0,0.0,False,0,0.00042980627,0,True,True,both_right
reject50,"As in the case of other human pathogens, epidemiological conclusions might be more accurate if based on both phenotypic and genotypic methods, therefore molecular typing should be added within the national laboratory-based surveillance of Salmonella infections.",Salmonella,pathogens,human,1,0.0,False,0,0.9741888,1,False,True,FIXED
reject50,"We exposed juvenile rainbow trout (Oncorhynchus mykiss) to a representative mixture of the five most abundant REEs for 96 h at concentrations similar found in lakes contaminated by mining activities at 0.1, 1, 10, and 100X whereas the 1x mixture contained cerium (Ce, 280 μg/L), lanthanum (La, 140 μg/L), neodymium (Nd, 120 μg/L), praseodymium (Pr, 28 μg/L), and samarium (Sm, 23 μg/L).",rainbow trout,contaminated by,cerium,0,0.0,False,0,0.0032930581,0,True,True,both_right
reject50,This was due to the fact that the birds migrating to European Russia and a portion of birds migrating from Siberia have common winter nesting areas.,Siberia,migrating,birds,0,0.0,False,0,0.9908941,1,True,False,BROKE
reject50,"In addition, Western blot revealed that recombinant Ra-cyst-1 was not recognized by sera derived from rabbits infested with ticks, suggesting that this cystatin is not secreted into the host during infestation.",ticks,infestation,rabbits,1,0.0,False,0,0.9969612,1,False,True,FIXED
reject50,Contamination is at its highest level in radish and spinach.,spinach,Contamination,radish,0,0.0,False,0,0.049607243,1,True,False,BROKE
reject50,We examined aspects of both innate and adaptive immune response in adult female Brazilian free-tailed bats (Tadarida brasiliensis) at four maternity roosts (two natural caves and two human-made bridges) in south-central Texas.,Tadarida brasiliensis,roosts,human,0,0.0,False,0,0.0004589953,0,True,True,both_right
reject50,"infestation in palm trees and natural infection by Trypanosoma cruzi and Trypanosoma rangeli in periurban and rural areas of state of the Rondônia, in the Brazilian Amazon.",Trypanosoma rangeli,infestation,Trypanosoma cruzi,0,0.0,False,0,0.003915334,0,True,True,both_right
reject50,"Viruses with icosahedral capsids, which form the largest class of all viruses and contain a number of important human pathogens, can be modelled via suitable icosahedrally invariant finite subsets of icosahedral 3D quasicrystals.",viruses,pathogens,human,1,0.0,False,0,0.010189437,1,False,True,FIXED
reject50,"A full-length cDNA encoding a secreted orthologue of the human cytokine, Macrophage Migration Inhibitory Factor (MIF) has been cloned from the hookworm Ancylostoma ceylanicum.",Ancylostoma ceylanicum,Migration,human,0,0.0,False,0,0.0005927583,0,True,True,both_right
reject50,"METHODS Three dogs (7-, 7-, and 12.5-year-old mixed breeds) and two cats (10- and 14-year-old Domestic shorthair) presented with a 7-13 mm tumor affecting the eyelid and/or conjunctiva in the medial canthal region.",dogs,affecting,cats,0,0.0,False,0,0.00037159232,0,True,True,both_right
reject50,"Our results offer new insight into the relative frequency and distribution of camel crickets living in human homes, and emphasize the importance of the built environment as habitat for two little-known invading species of Orthoptera.",camel crickets,invading,human,0,0.0,False,0,0.004247035,0,True,True,both_right
reject50,The major pathogens causing HFMD were enterovirus 71 (EV71) and coxsackievirus A16 (CA16).,coxsackievirus A16,pathogens,enterovirus 71,0,0.0,False,0,0.7240684,1,True,False,BROKE
reject50,"Currently, six species and two genetic variants within Babesia genus have been confirmed as human pathogens.",human,pathogens,Babesia,1,0.0,False,0,0.9972333,1,False,True,FIXED
reject50,"Real-time loop-mediated isothermal amplification (LAMP) assays for the detection of sporangia of the causal pathogen of late blight, Phytophthora infestans, and spores of the main causal pathogen of early blight, Alternaria solani, were developed to facilitate the in-field detection of airborne inoculum to improve disease forecasting.",Alternaria solani,pathogen of,Phytophthora infestans,0,0.0,False,0,0.99652874,1,True,False,BROKE
reject50,"We sampled feathers from Kauwahaia (n = 18) and Lady Alice Island, New Zealand (n = 30), Lord Howe Island (n = 24) and Western Australia (n = 33) during the 2008 austral summer, making this the most complete assessment of metal and metalloid contamination of any shearwater.",Australia,contamination,Alice,0,0.0,False,0,0.00028614607,0,True,True,both_right
reject50,"CONCLUSIONS Healthy adults in Malawi exposed to higher levels of particulates have higher abundances of potentially pathogenic bacteria (Streptococcus, Neisseria) within their lung microbiome.",Streptococcus,exposed to,Neisseria,0,0.0,False,0,0.00030660199,0,True,True,both_right
reject50,Overexpression of CaMYB78 transcription factor enhances resistance response in chickpea against Fusarium oxysporum and negatively regulates anthocyanin biosynthetic pathway.,Fusarium oxysporum,negatively regulates,chickpea,0,0.0,False,0,0.012478521,1,True,False,BROKE
reject50,"Venoms of solitary wasps are utilized for prey capture (insects and spiders), paralyzing them with a stinger injection to be offered as food for their larvae.",wasps,prey,spiders,0,0.0,False,0,0.9906149,1,True,False,BROKE
reject50,"For the elimination of infectious causes, microbial investigation with stool specimens should be performed for common enteric pathogens including assays for Clostridium difficile toxin, and sometimes for amoeba or other parasites.",Clostridium difficile,pathogens,amoeba,0,0.0,False,0,0.00042026577,0,True,True,both_right
reject50,Discordance in the effects of Yersinia pestis on the dendritic cell functions manifested by induction of maturation and paralysis of migration.,paralysis,migration,Yersinia pestis,0,0.0,False,0,0.0037282105,0,True,True,both_right
reject50,"The Prospero transcription factor promotes neural differentiation in Drosophila, and its activity is tightly regulated by modulating its subcellular localization.",Prospero,regulated by,Drosophila,0,0.0,False,0,0.0003302148,0,True,True,both_right
reject50,"European sea bass has been and is still the most affected species, and VNN in gilthead sea bream has become an emerging problem in recent years affecting larvae and juveniles and associated to the presence of new nervous necrosis virus (NNV) reassortants.",nervous necrosis virus,affecting,European sea bass,0,0.0,False,0,0.9991275,1,True,False,BROKE
reject50,"Our analysis demonstrated the need for: (a) inclusion of higher number of potential host species in the case of viruses, (b) research of bacterial effects in tissues other than haemolymph, and (c) more research into potential fungal and fungal-like pathogens other than Aphanomyces astaci.",viruses,pathogens,Aphanomyces astaci,0,0.0,False,0,0.0014106196,0,True,True,both_right
reject50,"Genetic and structural analysis of the hlyT locus mapped it at co-ordinate 3680 kbp (minute 87) on the chromosome adjacent to the fadBA operon, and identified it specifically as the rfaH (sfrB) locus which is required for transcription of the genes encoding synthesis of the sex pilus and also the lipopolysaccharide core for attachment of the O-antigen of E. coli and Salmonella.",pilus,adjacent to,Salmonella,0,0.0,False,0,0.0003078187,0,True,True,both_right
reject50,"Interactive effect of Enterobacter sp. MN17 and biochar was studied on the growth, physiology and antioxidant defense system of Brassica napus under Cd contaminated soil.",Brassica napus,contaminated,Enterobacter sp. MN17,0,0.0,False,0,0.99820304,1,True,False,BROKE
reject50,"Spike protein is the outermost structural protein of the SARS-CoV-2 virus which interacts with the Angiotensin Converting Enzyme 2 (ACE2), a human receptor, and enters the respiratory system.",SARS-CoV-2,interacts with,human,1,0.0,False,0,0.0005626899,0,False,False,both_wrong
reject50,Purified nano-MgO applied in vitro against multi-drug resistant human pathogens and the large inhibition zone recorded against Shigella flexneri (108 ± 10.53 mm).,Shigella flexneri,pathogens,human,1,0.0,False,0,0.6889298,1,False,True,FIXED
reject50,SMLS (Sitobion miscanthi L type symbiont) is a newly reported aphid secondary symbiont.,Sitobion miscanthi,symbiont,aphid,0,0.0,False,0,0.9977729,1,True,False,BROKE
reject50,"This study sought to examine the occurrence of bacterial contamination on mobile phones utilized by healthcare workers (HCWs) in intensive care units (ICUs), pediatric intensive care units (PICUs), neonatal intensive care units (NICUs), and cardiac care units (CCUs) within a central hospital (CH) and two peripheral hospitals (PHs) situated in the southwestern province of Saudi Arabia.",PICUs,contamination,ICUs,0,0.0,False,0,0.00029333823,0,True,True,both_right
reject50,"Mycobacterium tuberculosis-infected human monocytes down-regulate microglial MMP-2 secretion in CNS tuberculosis via TNFα, NFκB, p38 and caspase 8 dependent pathways.",Mycobacterium tuberculosis,regulate,human,1,0.0,False,0,0.00040329073,0,False,False,both_wrong
reject50,AIM To establish the transgenic cell strains expressing recombinant adenovirus vector of human Oncostain M(hOSM)gene which is supposed to be used as feeder layer cells for the proliferation of umbilical cord blood CD34(+) hematopoietic stem/progenitor cell (HSPC) and compare its migration capacity before and after amplification in vitro.,adenovirus,migration,human,0,0.0,False,0,0.00031401444,0,True,True,both_right
reject50,An acute toxicity study was performed in 10 dogs and 10 cats exposed to the product orally (po) and dermally at differing doses.,dogs,exposed to,cats,0,0.0,False,0,0.000383789,0,True,True,both_right
reject50,"Brazil is one of the countries most affected by this disease, and it has been described in humans and dogs in every region in the country.",dogs,affected by,humans,0,0.0,False,0,0.0034199338,0,True,True,both_right
reject50,Xanthomonas citri subsp. citri and Xanthomonas arboricola pv. pruni: Comparative analysis of two pathogens producing similar symptoms in different host plants.,Xanthomonas citri subsp. citri,pathogens,Xanthomonas arboricola pv. pruni,0,0.0,False,0,0.014806112,1,True,False,BROKE
reject50,"The original idea of a basically linear food chain from diatoms to copepods to fish has given way to an extremely complex model of trophic interactions within a microbial food web, which supports metazoan food webs via biomass production of both heterotrophic and autotrophic cells.",copepods,trophic,diatoms,1,0.0,False,0,0.9969354,1,False,True,FIXED
reject50,"The percentage of non-repaired X-ray-induced DNA damage (residual damage, RD) overall in both seasons was significantly higher in lymphocytes of policemen exposed to c-PAHs than in matched controls (RD(T-DNA), %DNA in the comet tail: winter 36.4+/-22.1 versus 22.7+/-10.8, p < 0.001; summer 47.7+/-22.9 versus 34.7+/-15.2, p < 0.001).",policemen,exposed to,comet,0,0.0,False,0,0.00037478868,0,True,True,both_right
reject50,Alphaviruses are members of the Togaviridae family that are mainly transmitted by arthropods such as mosquitoes.,Togaviridae,transmitted by,arthropods,1,0.0,False,0,0.9624611,1,False,True,FIXED
reject50,The rhesus macaque model of COVID-19 was utilized to test the added benefit of combinatory parenteral administration of two high-affinity anti-SARS-CoV-2 monoclonal antibodies (mAbs; C144-LS and C135-LS) expressly developed to neutralize the virus and modified to extend their pharmacokinetics.,SARS-CoV-2,neutralize,rhesus macaque,0,0.0,False,0,0.9991571,1,True,False,BROKE
reject50,"A total of 498 head lice (2nd and 3rd instar larvae, females and males) combed out of the hair of 38 children, were exposed to the delousing formulations Diffusil H Forte Spray (carbaryl 1%), Diffusil Care (isopropyl myristate, cyclomethicone, and dimethiconol) and Paranit (coconut oil, anise oil, and ylang ylang oil) in in vitro tests.",head lice,exposed to,anise,0,0.0,False,0,0.003650616,0,True,True,both_right
